male,height33,gwage33
1,66.929131,12.428572
1,70.078743,7.0270271
1,70.078743,5.1219511
1,68.897636,8.333333
1,66.141731,11.333333
1,68.110237,6.8648648
1,66.929131,4.130435
1,68.897636,9.1052628
1,71.653542,10.285714
1,72.047241,8.125
1,68.110237,8.75
1,70.866142,5.8461537
1,69.291336,6.2711864
1,65.748032,5.4000001
1,67.716537,4.8717947
1,59.448818,15.555555
1,73.228348,4.8979592
1,68.503937,7.6923075
1,71.259842,12.631579
1,70.866142,4.7916665
1,72.834648,6.6666665
1,70.866142,6
1,72.047241,8.75
1,72.834648,9.090909
1,69.291336,5.980392
1,68.503937,4.1025643
1,70.472443,14
1,73.228348,2500
1,71.259842,6.4864864
1,73.228348,5.4000001
1,69.291336,13.2
1,70.472443,14.4
1,66.535431,6.0189476
1,73.622047,11.666667
1,69.685036,7.5
1,67.716537,7.2820511
1,66.929131,4.7435899
1,71.259842,5.5285716
1,70.078743,11.333333
1,70.472443,7.5
1,71.259842,9.4285717
1,65.354332,4.3103447
1,43.307087,6.4000001
1,69.685036,6.5813951
1,69.685036,7.3684211
1,70.866142,12.837838
1,71.259842,8.6400003
1,69.291336,9.2333336
1,68.897636,7.1111112
1,69.291336,6.0334883
1,74.015747,9.7297297
1,70.472443,6
1,66.929131,7.3333335
1,64.960632,10.755
1,71.259842,6.3888888
1,66.929131,6.4102564
1,69.291336,6.25
1,72.834648,4.5
1,68.110237,5.5555553
1,66.535431,4.818182
1,70.472443,5.7567568
1,64.960632,1.4864864
1,68.110237,6.3200002
1,70.078743,11.621622
1,68.503937,9.5
1,64.566933,4.9846153
1,69.685036,5.04
1,65.354332,8.5297298
1,66.929131,4.1025643
1,61.811024,4.0999999
1,66.535431,4.25
1,66.535431,8.5714283
1,71.259842,5.5263157
1,66.141731,20
1,67.322838,11.314285
1,65.748032,6.7674417
1,68.897636,6.6071429
1,70.472443,7.4324327
1,72.834648,5.1282053
1,70.866142,4.181818
1,74.803146,4.8717947
1,68.897636,17.5
1,70.866142,9.7368422
1,70.866142,12
1,71.653542,8.3999996
1,65.748032,7.1944447
1,64.566933,7.311111
1,70.472443,8
1,69.291336,3
1,67.716537,9.375
1,70.078743,4.0740743
1,67.716537,7.6111112
1,67.716537,4.9729729
1,66.929131,5.5323076
1,68.503937,5.3333335
1,68.503937,11.2
1,64.566933,6.5
1,69.291336,8.0555553
1,70.472443,9.25
1,64.960632,5.1827025
1,71.653542,6.551724
1,70.472443,2.6666667
1,27.952755,4.810811
1,70.866142,7
1,66.929131,5.652174
1,72.440948,5
1,70.078743,7.8857141
1,69.291336,8.0540543
1,67.322838,8.333333
1,74.409447,14
1,69.685036,6.810811
1,74.015747,6.9499998
1,67.716537,6.818182
1,72.834648,5.7951221
1,63.385826,3.9189188
1,70.472443,7.7837839
1,68.897636,7.2558141
1,68.897636,5.3333335
1,67.716537,6
1,71.259842,9.7263155
1,68.503937,4.2222223
1,70.866142,120
1,68.110237,3.8974359
1,64.960632,5.818182
1,75.590553,8.8205128
1,73.622047,7.2368422
1,70.078743,5.3513513
1,68.897636,6.1538463
1,64.566933,8.8031998
1,64.960632,5.52
1,71.653542,60
1,67.322838,2.3809524
1,63.385826,6.9000001
1,69.685036,7.5
1,70.472443,12.5
1,64.173225,3.6923077
1,70.078743,5.340909
1,70.866142,2.7272727
1,70.472443,8.9473686
1,68.503937,7.1999998
1,71.653542,6.7718916
1,65.748032,4.2391305
1,70.866142,20
1,72.047241,8.0952377
1,75.984253,8.3999996
1,65.748032,5.0042553
1,64.960632,6
1,71.653542,5.3837838
1,66.141731,5.3333335
1,70.472443,4.3589745
1,71.259842,6
1,75.984253,4.4000001
1,72.047241,7.8545456
1,68.110237,8
1,67.322838,11.944445
1,75.196854,11.472
1,64.173225,4.304348
1,64.960632,7.5
1,71.259842,6.2857141
1,67.716537,8.666667
1,66.141731,5.3333335
1,68.897636,5.4761906
1,68.110237,8.0357141
1,67.322838,5.4054055
1,66.929131,5.319149
1,73.622047,5.25
1,68.110237,7.1351352
1,74.803146,5.8378377
1,72.047241,8.7647057
1,68.897636,6.6666665
1,68.110237,6.7666669
1,72.440948,6.025641
1,67.716537,9.0545454
1,64.960632,5.25
1,66.929131,4.7948718
1,71.653542,10.285714
1,74.015747,8.6097565
1,65.354332,3.75
1,68.503937,4.182857
1,71.653542,6.6666665
1,68.110237,4.8974357
1,67.716537,6.9767442
1,69.685036,7.1288891
1,66.141731,4.2315788
1,70.472443,6.0444446
1,68.897636,11.142858
1,66.929131,3.3428571
1,71.653542,6
1,70.866142,9.7297297
1,68.503937,5.8717947
1,68.503937,5.9230771
1,69.685036,8.9931431
1,73.622047,7.0243902
1,69.685036,6
1,67.322838,5.0526314
1,67.716537,6.6666665
1,74.803146,5.6756759
1,70.472443,5.0181818
1,65.354332,6.7567568
1,74.015747,5.2127662
1,68.503937,4.1346154
1,72.047241,7.5
1,67.716537,11.111111
1,70.078743,6.5
1,73.228348,5.4545455
1,72.440948,157.71428
1,70.078743,5.189189
1,70.866142,8.8000002
1,69.291336,10
1,68.503937,5.9459457
1,73.228348,8.4252634
1,67.716537,4.7111111
1,67.716537,9.4736843
1,72.047241,8.6173334
1,68.897636,3.5526316
1,76.377953,11.04
1,73.228348,8.8888893
1,67.322838,14
1,69.685036,4
1,68.110237,9.6000004
1,67.716537,4.4000001
1,66.929131,8.2222223
1,70.472443,8.909091
1,68.110237,8.5
1,68.897636,7.6923075
1,71.653542,10.56
1,66.535431,8.2879992
1,69.685036,4.8000002
1,66.929131,8.9743586
1,68.897636,8.9473686
1,68.897636,6.4000001
1,69.685036,12.307693
1,68.897636,4.1538463
1,66.929131,5.1428571
1,70.472443,5.5999999
1,66.929131,6.8571429
1,71.653542,4.090909
1,64.960632,4.0571427
1,66.141731,7
1,71.653542,5.2999997
1,68.110237,6.6666665
1,70.472443,98.914284
1,70.078743,9.405405
1,68.897636,5
1,68.897636,2.6086957
1,69.685036,4.8285713
1,72.047241,6.5643244
1,69.685036,3.6821053
1,66.141731,6.8442855
1,70.078743,2.9027777
1,70.472443,12.162162
1,69.685036,4.5
1,66.535431,4.7272725
1,72.834648,6.9473686
1,66.929131,6.9302325
1,72.440948,4
1,68.503937,6.6666665
1,66.535431,8.5714283
1,64.173225,8.1702127
1,70.078743,8.1081085
1,68.110237,8.5714283
1,68.110237,16
1,69.291336,12.222222
1,70.866142,9.090909
1,68.110237,6.4864864
1,67.716537,12.5
1,67.322838,13.5
1,67.322838,5.7032433
1,68.110237,6.9637837
1,66.141731,13.2
1,75.590553,14.285714
1,72.440948,11.675675
1,66.141731,6.9145947
1,71.653542,3.8461537
1,70.472443,6.5999999
1,65.748032,8.333333
1,69.291336,10.810811
1,68.110237,6.2162161
1,32.283466,18
1,72.834648,13.26
1,68.897636,15
1,66.141731,8.4324322
1,66.535431,10.5
1,64.960632,6.4795241
1,72.834648,7.7837839
1,70.866142,9.7297297
1,72.440948,10.937142
1,71.259842,3.111892
1,69.291336,10.25
1,72.047241,18.162163
1,72.834648,4.4736843
1,61.811024,6.9230771
1,69.291336,6.1904764
1,71.259842,4.3589745
1,70.866142,14.836364
1,71.259842,7.25
1,68.110237,9.333333
1,70.866142,6
1,68.503937,15.771428
1,68.897636,8
1,67.716537,6.6315789
1,70.078743,8.2857141
1,71.259842,8.75
1,70.078743,7.1428571
1,68.503937,3.3599999
1,68.897636,10.285714
1,66.929131,7.1351352
1,71.259842,9.7297297
1,70.078743,4.3023257
1,70.866142,13.028571
1,68.503937,17.5
1,66.535431,7.3846154
1,69.291336,10.285714
1,73.228348,7.3333335
1,71.259842,12.923077
1,65.748032,14.4
1,67.716537,4.6153846
1,70.078743,6.5
1,68.503937,10.066667
1,71.259842,9.8870268
1,68.110237,3.3170731
1,67.716537,5.4461536
1,63.385826,9.6000004
1,72.440948,9.6000004
1,69.291336,3.5714285
1,68.503937,5.2941175
1,69.685036,4.8936172
1,68.897636,12
1,70.866142,17.775999
1,68.897636,5
1,68.110237,6.8571429
1,70.078743,9.4594593
1,71.259842,9
1,75.196854,5.5609756
1,67.322838,6.2857141
1,71.653542,8.1599998
1,69.685036,12
1,70.472443,6.2399998
1,71.259842,6.3141818
1,69.685036,3.6410255
1,69.685036,8.7179489
1,72.834648,5.5076923
1,73.228348,6.8571429
1,66.535431,5.5
1,68.503937,96.521736
1,66.535431,5.6716418
1,73.228348,10.105263
1,68.897636,9.6000004
1,70.472443,6
1,66.141731,5.7051425
1,66.535431,7.7777777
1,67.716537,9.7222223
1,68.110237,2.8461537
1,73.228348,10.736842
1,71.259842,8.9189186
1,65.354332,11.111111
1,68.110237,5.5405407
1,65.748032,10.148572
1,65.354332,8.2051287
1,70.866142,10.9375
1,71.653542,5.5714288
1,63.385826,7.5555553
1,41.732285,4.7435899
1,72.047241,8.25
1,75.590553,8
1,74.409447,4.5
1,64.173225,4.1964288
1,68.897636,3.8543999
1,70.472443,15.84
1,69.291336,10.810811
1,73.228348,9.9574471
1,69.685036,4.875
1,72.047241,10.285714
1,66.929131,5.6410255
1,71.259842,12.410256
1,68.110237,10
1,66.929131,5.6052632
1,74.015747,6.9230771
1,68.110237,77.837837
1,72.047241,5.4545455
1,72.440948,9.7714281
1,69.685036,4.4181819
1,70.472443,4.7222223
1,69.291336,8.1081085
1,67.322838,12.324325
1,67.716537,11.666667
1,69.685036,3.5555556
1,75.196854,6
1,72.047241,8.5
1,70.078743,10.5
1,68.110237,6.5
1,69.685036,7.5789475
1,67.716537,78.947365
1,67.322838,7.3947368
1,72.834648,6.3829789
1,70.078743,6.48
1,70.078743,80
1,73.228348,5.9459457
1,69.685036,2.5306122
1,69.685036,12.6
1,69.685036,6.6666665
1,68.110237,6.465517
1,68.897636,4.3653846
1,68.110237,6.810811
1,29.133858,7.3684211
1,72.047241,7.4418607
1,62.992126,7.8947368
1,69.685036,5.7119999
1,63.385826,8.2461538
1,70.078743,6.5
1,69.291336,5.0999999
1,67.322838,4.6666665
1,66.929131,4.5833335
1,66.929131,4.8717947
1,66.535431,8.6046515
1,66.535431,9.6000004
1,68.897636,8.1702127
1,72.834648,3.909091
1,72.440948,8.333333
1,68.110237,6.0714288
1,73.622047,12.631579
1,70.078743,5
1,66.929131,3.95
1,67.716537,2.4193549
1,69.685036,12.5
1,67.322838,5.8378377
1,68.110237,11
1,66.929131,15.384615
1,69.685036,4.7619047
1,67.716537,7.6500001
1,72.440948,10.8
1,67.322838,5.0999999
1,69.685036,8
1,68.110237,5.5263157
1,66.141731,4.8461537
1,72.047241,4.1025643
1,72.440948,5.2727275
1,70.866142,7.8571429
1,68.897636,9.7894735
1,68.897636,9.7297297
1,66.141731,11.842105
1,74.015747,12.116571
1,69.685036,16.333334
1,71.653542,5.75
1,66.929131,3.4166667
1,66.141731,5.4239998
1,68.110237,3
1,66.535431,6.25
1,70.472443,5.6172972
1,72.440948,10.858286
1,74.409447,3.7777777
1,66.929131,8.6611109
1,69.685036,8.1904764
1,68.503937,7.0394592
1,72.047241,4.7272725
1,66.141731,4.3589745
1,70.866142,4.1025643
1,68.503937,6.521739
1,69.291336,7.4666667
1,67.716537,6.6666665
1,70.866142,4.8000002
1,70.472443,7.1052632
1,68.503937,3.2222223
1,70.078743,6.1538463
1,67.716537,11.428572
1,67.716537,3.625
1,68.897636,7.5
1,75.196854,11.4
1,66.535431,5.8000002
1,70.472443,7.1351352
1,68.110237,7.8571429
1,73.228348,10.736842
1,64.173225,3.5777779
1,67.716537,5.2800002
1,70.472443,12.727273
1,68.110237,6
1,71.259842,8
1,67.716537,7
1,66.929131,7.1351352
1,66.141731,6.6666665
1,77.952759,10.810811
1,70.078743,9.6000004
1,66.929131,8.5135136
1,74.015747,2.5
1,68.897636,7.4666667
1,66.141731,8.5714283
1,74.015747,100
1,64.566933,8
1,74.409447,3.6666667
1,73.228348,10.909091
1,72.440948,13.68973
1,72.047241,4.1666665
1,70.866142,5.5641026
1,65.354332,6.5454545
1,54.724411,10.851064
1,73.228348,9.1859999
1,65.354332,8.3999996
1,69.685036,5.0133333
1,66.929131,8.333333
1,68.503937,17.777779
1,68.110237,11.351352
1,66.929131,4.8461537
1,72.047241,6.3636365
1,67.322838,9
1,74.015747,5.1999998
1,69.685036,3.9111111
1,74.015747,10
1,71.653542,4.6153846
1,70.472443,10.971429
1,65.748032,11.638889
1,68.897636,11.282051
1,68.897636,18.162163
1,69.685036,4.5473685
1,75.196854,9.6000004
1,69.685036,7.0270271
1,68.110237,11.555555
1,70.078743,11.891891
1,68.503937,10.432432
1,68.110237,7.9967999
1,65.748032,6.1909089
1,68.503937,23
1,69.685036,4.1500001
1,71.259842,5
1,74.015747,7.9487181
1,70.472443,5.5
1,70.078743,9.375
1,70.472443,7.2249999
1,68.110237,7.3257141
1,73.228348,8.8888893
1,68.110237,4.5
1,67.322838,3.2051282
1,66.141731,3.1538463
1,71.259842,13.777778
1,69.291336,8.4210529
1,73.622047,5.7894735
1,68.503937,7.5609756
1,69.685036,7.1999998
1,69.291336,7.3684211
1,65.354332,6.7317071
1,67.322838,12
1,72.834648,8.6309528
1,72.047241,6.9767442
1,68.503937,1.945946
1,72.047241,3.2
1,70.866142,4.090909
1,75.196854,7.7777777
1,70.078743,11.5
1,72.440948,14.285714
1,69.685036,3.0681818
1,68.110237,4.6666665
1,69.685036,4.5833335
1,67.322838,8.3999996
1,67.322838,3.7435896
1,74.803146,9.333333
1,64.960632,3.8461537
1,71.259842,8.4444447
1,66.929131,4.5833335
1,68.897636,3.175
1,74.803146,11.428572
1,69.685036,5.25
1,71.653542,13.243243
1,68.897636,5.2173915
1,68.897636,12.666667
1,68.897636,7.5675673
1,68.503937,5.6410255
1,72.047241,6.6666665
1,66.929131,5.7692308
1,66.141731,6.4444447
1,69.291336,6.9230771
1,71.653542,7.5675673
1,70.078743,7.5
1,72.047241,6.3636365
1,72.834648,4.8611112
1,69.685036,6.1842103
1,68.897636,5.1282053
1,69.685036,8.8888893
1,71.653542,10.714286
1,71.653542,3.5897436
1,70.472443,9.4736843
1,68.897636,8
1,68.110237,5
1,71.259842,5.3017144
1,68.503937,2.4166667
1,70.472443,9.3377781
1,69.291336,9.6000004
1,71.259842,8.3125
1,72.047241,13.333333
1,75.984253,6.4864864
1,68.110237,4.390244
1,70.866142,5.5135136
1,72.047241,11.764706
1,71.259842,5.6923075
1,66.929131,5
1,70.078743,6.3157897
1,69.685036,4.875
1,72.047241,14.102564
1,68.897636,7.8857141
1,66.929131,5.0270271
1,66.929131,5.0810809
1,65.354332,5.3557897
1,69.685036,14.5
1,69.685036,8.695652
1,67.322838,18.75
1,68.503937,4.6875
1,73.622047,5.3902702
1,69.291336,12.137142
1,69.685036,7.3589187
1,65.354332,2.3399999
1,68.110237,11.714286
1,71.653542,7.6666665
1,68.897636,5
1,74.409447,7.3684211
1,66.535431,6.1538463
1,72.834648,4.7540541
1,68.110237,8
1,72.440948,15.555555
1,68.110237,8.2105265
1,69.291336,3.625
1,67.716537,7.4285712
1,64.960632,3.1818182
1,65.748032,5.7894735
1,68.897636,18
1,68.110237,13.091111
1,68.110237,5.5384617
1,76.771652,6.2459998
1,71.259842,16
1,68.110237,4.2105265
1,70.866142,12
1,68.110237,6.8947368
1,65.354332,3.8333333
1,67.716537,14.925
1,68.110237,3.0806451
1,64.960632,8.333333
1,72.047241,2.8727272
1,66.535431,5.8958335
1,66.141731,6.0526314
1,68.110237,6.0869565
1,61.811024,5.4615383
1,71.259842,9.2857141
1,66.929131,10.222222
1,71.259842,8.6486483
1,66.929131,5.4545455
1,66.141731,7.6923075
1,74.803146,20.833334
1,68.110237,10.285714
1,72.440948,6.0789475
1,70.472443,9.189189
1,66.141731,6
1,70.472443,5
1,66.141731,5.7784615
1,71.259842,6.6750002
1,70.866142,10.56
1,70.078743,6.2399998
1,71.653542,5.1999998
1,68.110237,10.666667
1,67.322838,6.5476189
1,72.440948,7.6315789
1,74.015747,3.954
1,70.078743,8.6057148
1,68.503937,5.7894735
1,70.472443,7.3333335
1,70.078743,7.5
1,70.078743,3.75
1,70.078743,11.904762
1,63.385826,7.0270271
1,72.440948,7.7619047
1,64.566933,4.2162161
1,68.503937,6.521739
1,67.716537,8
1,75.196854,4.7368422
1,66.929131,13.513514
1,70.866142,7.891892
1,68.897636,6.9047618
1,69.685036,7.5054059
1,70.472443,5.7916665
1,68.897636,12.777778
1,62.992126,14.338919
1,74.015747,10.612245
1,68.897636,7.5555553
1,68.503937,7.4000001
1,69.291336,6.521739
1,71.259842,7.5
1,67.716537,9.7599993
1,68.897636,12.666667
1,69.685036,4.8076925
1,70.866142,10.526316
1,67.716537,4.8913045
1,66.141731,6.1538463
1,65.354332,3.5999999
1,70.078743,8
1,70.078743,21.998402
1,71.259842,8.333333
1,72.834648,11.936842
1,67.716537,14.476191
1,65.748032,6.4102564
1,69.291336,5.9534883
1,74.015747,10.810811
1,69.291336,9.0810814
1,73.622047,8.3146667
1,64.960632,4.5
1,71.653542,7.5
1,65.748032,6.1538463
1,74.409447,5.1842103
1,69.291336,5.8799996
1,71.653542,11.440678
1,67.716537,8.96
1,72.047241,5.5
1,68.897636,4.1025643
1,70.078743,12.6
1,68.897636,8.1188574
1,71.653542,10.181818
1,73.228348,4.4000001
1,70.472443,8.4324322
1,68.110237,8.6486483
1,68.897636,3.7714286
1,69.291336,6.4285712
1,64.960632,7.3333335
1,70.866142,5.7105265
1,70.078743,6.3157897
1,65.748032,4
1,76.377953,7.1428571
1,68.110237,70.909088
1,72.047241,10.952381
1,70.866142,12
1,70.866142,5.1999998
1,68.503937,3.0952382
1,73.228348,7.1428571
1,75.590553,4.8979592
1,73.228348,5
1,74.015747,5.3000002
1,67.322838,7.7777777
1,71.653542,3.1111112
1,70.078743,8.333333
1,71.259842,7.2972975
1,69.685036,5.5
1,70.078743,5.4615383
1,66.535431,6.2432432
1,71.259842,8.2236843
1,74.409447,11.351352
1,68.110237,.125
1,70.866142,7.7837839
1,68.110237,8
1,65.354332,16.216217
1,70.078743,6.5999999
1,68.897636,8.5714283
1,68.503937,5.4054055
1,68.110237,6
1,71.653542,10
1,74.015747,6.5454545
1,72.047241,90
1,67.716537,5.319149
1,68.897636,4.6666665
1,72.440948,3.175
1,67.322838,8.2285719
1,68.897636,6.590909
1,68.503937,5.4545455
1,69.291336,6.1363635
1,71.653542,6
1,67.716537,3.4285715
1,70.866142,11.282051
1,71.653542,6.1111112
1,70.078743,8.8888893
1,70.078743,8.3999996
1,72.834648,3
1,71.259842,7.0270271
1,72.440948,6.4864864
1,71.259842,5
1,72.440948,3.208421
1,66.141731,4.8000002
1,66.929131,6.96
1,71.653542,8.0952377
1,70.472443,8.75
1,70.866142,5.0769229
1,73.228348,6.1894736
1,72.440948,18.666666
1,68.110237,9.7674417
1,66.141731,8.8000002
1,68.503937,4.0540543
1,70.472443,10.857142
1,67.716537,15.714286
1,67.716537,4.5
1,69.291336,72
1,67.716537,4.4615383
1,64.960632,6
1,67.322838,4.7916665
1,72.834648,10.222222
1,70.078743,8.6000004
1,70.866142,9.5555553
1,66.141731,12.8
1,66.929131,4.8888888
1,72.834648,6.3272729
1,65.748032,3.3
1,65.354332,3.05
1,66.929131,4.3636365
1,72.440948,7.0378375
1,68.897636,4.5641026
1,68.897636,4.3333335
1,72.047241,10.56
1,71.653542,9.2351999
1,67.716537,5
1,71.653542,5.6944447
1,65.354332,5.3125
1,71.259842,7.1999998
1,70.866142,4.375
1,67.716537,2.5454545
1,68.503937,4.4102564
1,71.653542,9.166667
1,67.716537,7.3257141
1,72.047241,2.5
1,71.259842,10.2
1,68.503937,5.1999998
1,72.047241,6.4000001
1,66.535431,3.75
1,72.047241,8.75
1,70.866142,4
1,69.291336,8.152174
1,73.622047,6.2399998
1,68.110237,7.1428571
1,63.779526,6.5116277
1,77.165352,5.4000001
1,68.110237,5.1428571
1,65.748032,4.5454545
1,69.291336,3.9534883
1,67.322838,4.3913045
1,69.685036,4.8000002
1,68.503937,4.092308
1,72.047241,6.7692308
1,68.503937,3.1132076
1,69.291336,6.5384617
1,69.685036,17.75
1,67.716537,6.4893618
1,66.929131,7.7142859
1,64.566933,5
1,64.566933,14.4
1,66.535431,8.8000002
1,64.960632,5.9512196
1,67.716537,5.7229729
1,67.716537,8.4266663
1,65.748032,8
1,72.047241,8.8888893
1,71.259842,4.7368422
1,72.047241,4.2553191
1,73.228348,9.1999998
1,69.291336,9.7142859
1,67.716537,5
1,66.535431,5.4871793
1,68.897636,11.956522
1,77.952759,5.1282053
1,70.866142,5.5227275
1,69.685036,6
1,70.866142,9.7222223
1,70.078743,5.75
1,67.322838,4.8717947
1,66.929131,8.2702703
1,72.834648,8.6499996
1,74.015747,8.625
1,66.535431,5.9210525
1,68.503937,5.0666666
1,68.897636,7.8486485
1,71.653542,8.5
1,67.716537,5.4615383
1,69.685036,6.0540543
1,66.535431,5.4102564
1,66.141731,5.4545455
1,70.078743,6.5116277
1,72.834648,7.2162161
1,70.472443,6.6666665
1,69.685036,5.4285712
1,68.110237,8.4102564
1,65.748032,7.1999998
1,72.834648,6.7692308
1,74.803146,7.75
1,70.472443,11.904762
1,70.866142,11.6
1,72.834648,5.04
1,68.897636,3.4545455
1,70.078743,4.8717947
1,73.228348,7.6923075
1,66.141731,8.636364
1,67.322838,7.8000002
1,68.897636,5.3333335
1,68.897636,5.9459457
1,71.653542,11.245714
1,70.472443,4.8716216
1,68.897636,10.794118
1,77.165352,12.432432
1,71.259842,4.1025643
1,70.866142,7.4400001
1,70.472443,4.3776002
1,70.866142,7.4000001
1,70.866142,5.681818
1,68.897636,15.243243
1,73.228348,6.3333335
1,70.472443,1.6279069
1,73.228348,11.111111
1,68.503937,9.8999996
1,69.291336,9.666667
1,65.748032,5.25
1,71.259842,5.6999998
1,64.960632,4.8000002
1,70.866142,72.300003
1,71.653542,10.833333
1,68.897636,7.6829267
1,72.047241,6
1,68.897636,10.222222
1,68.110237,3.5999999
1,70.866142,3.8461537
1,70.078743,4.4210525
1,67.716537,7.5333333
1,70.866142,2.7
1,70.078743,8
1,72.047241,8.6400003
1,70.472443,24
1,70.078743,6
1,67.322838,3.891892
1,70.866142,4.4897957
1,70.866142,9.4594593
1,68.897636,5.0263157
1,70.078743,6
1,73.228348,6.9268293
1,70.866142,4.8717947
1,68.503937,12.4
1,72.834648,17.435898
1,67.716537,4.1346154
1,68.503937,5.1282053
1,72.440948,5
1,69.685036,4.9857144
1,68.897636,7.6666665
1,67.716537,6.7073169
1,68.503937,5.6896553
1,68.110237,2.183908
1,71.653542,8.6400003
1,68.110237,7.1794872
1,72.440948,4.1666665
1,68.897636,7.7574997
1,73.622047,5.6756759
1,72.047241,4.3461537
1,70.078743,7.1999998
1,68.897636,5.8461537
1,70.078743,5.98
1,70.866142,7
1,67.322838,8.6206894
1,70.866142,4.7368422
1,70.472443,6.6666665
1,70.472443,5.2926831
1,74.409447,5.1282053
1,73.622047,9
1,67.322838,7.3170733
1,68.897636,6.4864864
1,67.322838,10.27027
1,66.929131,3.6153846
1,74.015747,10
1,72.440948,7.5789475
1,68.503937,10.316667
1,72.440948,5.5768418
1,75.984253,9.2105265
1,70.866142,6.9473686
1,65.354332,6.3157897
1,72.440948,6
1,70.078743,7
1,69.291336,5.4545455
1,64.960632,3.75
1,70.078743,4.6428571
1,68.110237,6.4926314
1,67.716537,10
1,73.228348,8.9189186
1,68.897636,6.6666665
1,70.472443,14.88
1,75.984253,4.3333335
1,69.685036,4.6666665
1,68.503937,11
1,70.472443,8.8461542
1,68.897636,5.7600002
1,66.141731,12.361111
1,74.409447,10
1,66.141731,5.2363634
1,68.503937,14.666667
1,69.291336,6.4864864
1,69.685036,6.4000001
1,70.078743,11.428572
1,70.078743,7.75
1,66.929131,5.6410255
1,70.472443,6
1,67.716537,7.257143
1,74.015747,6.9166665
1,27.952755,8.333333
1,73.228348,3.025641
1,66.929131,4.9000001
1,72.047241,5.1668
1,70.866142,6.4000001
1,68.110237,8.2972975
1,70.866142,8.8000002
1,73.228348,9.1428576
1,70.078743,8.25
1,72.834648,5.1282053
1,71.653542,8.1632433
1,64.173225,5.8333335
1,70.078743,13.333333
1,70.078743,8.75
1,68.897636,6.3000002
1,68.897636,7.8000002
1,67.716537,7.3010526
1,68.503937,9.1836739
1,70.866142,8.3999996
1,66.929131,8.3999996
1,70.078743,6.96
1,67.322838,8.333333
1,71.259842,4
1,68.503937,5.4054055
1,70.472443,12
1,68.897636,9.4594593
1,72.440948,7.1052632
1,70.866142,4.1999998
1,71.653542,4.5
1,66.929131,4.2307692
1,69.291336,6.25
1,66.929131,3.75
1,70.472443,14.797714
1,66.929131,4.625
1,73.622047,6.7111111
1,74.015747,5.6410255
1,68.110237,5.7692308
1,67.716537,9.7297297
1,67.322838,6.0631576
1,71.259842,30
1,67.716537,7.4468083
1,70.078743,8.6057148
1,68.897636,3.7777777
1,69.291336,8
1,67.716537,5.909091
1,70.078743,7.0434785
1,69.685036,5.6999998
1,71.653542,3.8399999
1,72.440948,7.4769235
1,70.472443,4.7948718
1,70.472443,8.0526314
1,68.897636,4.53125
1,67.716537,4.9283338
1,66.141731,4.875
1,70.472443,9.666667
1,78.346458,7.4000001
1,70.866142,12.355556
1,68.897636,11
1,68.110237,5.7142859
1,72.834648,9.375
1,68.897636,6.3157897
1,71.259842,7.8947368
1,70.078743,3.4000001
1,69.685036,4.8333335
1,69.291336,5.5
1,67.322838,4.9263158
1,68.110237,6.6666665
1,64.960632,8
1,23.228346,64.285713
1,71.259842,10.588235
1,68.110237,6.5945945
1,70.866142,11.5
1,70.866142,15.2
1,68.503937,10.5
1,71.259842,3.8636363
1,68.897636,9.7297297
1,71.259842,4.2545457
1,68.897636,5.5
1,67.716537,8.5714283
1,67.322838,2.4742267
1,72.047241,5.25
1,71.259842,11.315789
1,67.716537,7.8000002
1,70.078743,5.75
1,66.929131,9
1,69.291336,6.1052632
1,71.259842,5
1,70.866142,7.8958335
1,72.440948,4.3265305
1,73.622047,10.5
1,69.685036,13.090909
1,70.866142,8.5019999
1,71.653542,2.1381817
1,73.622047,4.375
1,70.472443,61.276596
1,72.047241,12.444445
1,67.716537,15.777778
1,64.173225,7.9268293
1,76.377953,12.3375
1,70.472443,8.625
1,67.322838,7.8378377
1,70.866142,4.6857142
1,71.653542,6.7567568
1,67.716537,4.5897436
1,68.897636,7.9800005
1,69.685036,117.33334
1,67.716537,4.7619047
1,70.472443,5.75
1,70.078743,5.875
1,73.622047,8.5294113
1,74.015747,7.1794872
1,71.259842,8.5
1,68.110237,6.2399998
1,70.866142,8.2434149
1,68.897636,8.0555553
1,72.834648,7.1428571
1,67.322838,13.333333
1,72.440948,4.7619047
1,68.503937,1.15
1,70.078743,10
1,68.897636,5.478857
1,70.078743,10.8
1,74.015747,7.0270271
1,70.078743,6.7163634
1,70.866142,5.8514285
1,65.748032,7.0511999
1,70.078743,5.7142859
1,68.897636,8.4210529
1,72.834648,3.8666666
1,68.503937,12.432432
1,66.929131,3.974359
1,67.716537,8.727273
1,67.322838,5.8333335
1,75.196854,7.8461537
1,68.110237,8.333333
1,66.929131,9
1,63.779526,6.9565215
1,74.409447,5.3333335
1,73.228348,7.5
1,68.503937,106.66666
1,64.566933,5.319149
1,68.110237,6.0784316
1,64.960632,5
1,70.078743,8.5714283
1,68.503937,5.7142859
1,67.716537,5.8974357
1,68.110237,5.5
1,70.078743,5.090909
1,71.259842,9.375
1,70.078743,11.891891
1,68.897636,5.1063828
1,72.047241,12.378378
1,70.472443,8.8095236
1,68.503937,5.7777777
1,66.141731,8.0555553
1,70.078743,5.5999999
1,68.503937,8
1,74.015747,7.6199999
1,70.078743,8.0769234
1,66.929131,2.8205128
1,67.322838,4.1999998
1,69.291336,6.6666665
1,70.472443,5.0769229
1,66.141731,5.2325583
1,68.110237,8.75
1,72.834648,10
1,72.047241,5.15625
1,74.015747,15.263158
1,67.322838,5.8690906
1,72.834648,6.4000001
1,64.960632,8.1000004
1,72.834648,6.4285712
1,67.716537,3.3499999
1,72.047241,12.162162
1,72.047241,8.5
1,68.110237,5.8666668
1,67.322838,64.102562
1,71.653542,10.256411
1,70.866142,11
1,69.291336,6.3829789
1,70.078743,5.5555553
1,68.897636,6.6666665
1,70.078743,8.8888893
1,71.653542,17.280001
1,67.322838,5.2999997
1,71.259842,11.675675
1,72.047241,6.2526317
1,70.866142,9.7297297
1,68.897636,9.2307692
1,67.716537,12
1,72.047241,9.5
1,71.259842,5.5999999
1,69.685036,11.636757
1,66.535431,3
1,68.110237,7
1,68.897636,17.777779
1,67.322838,8
1,72.834648,8.6486483
1,70.078743,12.5
1,68.503937,7.8222222
1,70.472443,6.4864864
1,65.354332,12.5
1,73.622047,5.0307693
1,72.834648,8.8285713
1,68.503937,5.2727275
1,68.110237,6.9444447
1,70.472443,5.8974357
1,74.803146,6.875
1,69.685036,4.6153846
1,70.078743,7.5714288
1,72.440948,7.4832001
1,70.078743,5.978261
1,69.291336,7.647059
1,69.291336,5.4545455
1,69.291336,11.25
1,75.590553,5.5555553
1,65.748032,4.2880001
1,71.259842,8.086957
1,68.110237,9.0666666
1,68.110237,8.7567568
1,67.716537,5.46875
1,71.653542,5.4054055
1,73.228348,7.1111112
1,65.748032,54.339622
1,69.291336,4.6153846
1,71.653542,6.7636366
1,72.834648,8.5333338
1,70.866142,6.25
1,63.385826,5.8928571
1,72.834648,9.3999996
1,70.078743,11.184211
1,70.078743,6.25
1,70.472443,3.3333333
1,76.771652,9.8000002
1,71.653542,8.9743586
1,70.472443,3.5102041
1,69.291336,6.4000001
1,70.472443,11.403244
1,70.078743,11.2
1,64.960632,9.6000004
1,73.622047,2.6190476
1,70.472443,7.6410255
1,68.110237,11.200001
1,75.984253,6.8000002
1,72.047241,7.6738462
1,68.110237,8.7179489
1,68.110237,5.625
1,73.228348,13.6
1,70.078743,12.4
1,67.716537,5.3023257
1,68.110237,5.5652175
1,71.653542,9.7142859
1,62.204723,7.2666669
1,69.291336,8.9743586
1,69.685036,8.5028572
1,68.897636,11.144444
1,68.897636,9
1,68.897636,5.7065215
1,68.110237,10.2
1,72.834648,5.4761906
1,70.866142,5.609756
1,64.960632,7.0512819
1,69.685036,14.358974
1,73.228348,10.526316
1,68.897636,8.6999998
1,70.078743,9.3915787
1,63.779526,5.909091
1,67.716537,7.4659457
1,71.259842,8.3783779
1,70.866142,7.5555553
1,69.685036,3
1,64.566933,8.2142859
1,68.897636,5.3333335
1,71.259842,7.2916665
1,67.716537,4.6646152
1,67.716537,5.847826
1,70.472443,7.6315789
1,71.653542,10.27027
1,69.685036,12
1,69.685036,6.1538463
1,69.291336,9
1,63.779526,4.7485714
1,68.110237,4.0816326
1,69.291336,4.7272725
1,70.078743,5.8333335
1,75.984253,9.5
1,71.653542,5.5384617
1,69.685036,4.2191782
1,71.259842,9.4594593
1,64.566933,4.8000002
1,73.228348,5.5555553
1,68.897636,5.1315789
1,70.472443,7.5
1,67.716537,6.6666665
1,74.409447,4.8571429
1,68.897636,10
1,76.377953,11.631579
1,67.322838,3.1052632
1,75.984253,14.444445
1,68.897636,4
1,70.472443,5.1282053
1,65.748032,6.6666665
1,68.897636,6.4516129
1,65.748032,4.6666665
1,68.897636,4.7368422
1,65.748032,5.25
1,69.291336,4.1666665
1,73.228348,11.702127
1,70.472443,10.971429
1,70.472443,6
1,66.535431,8.5
1,68.503937,9.1836739
1,68.110237,7.3076925
1,68.897636,16.216217
1,73.622047,4.1142859
1,66.929131,7.2972975
1,67.716537,7.6215787
1,68.897636,3.9749999
1,75.984253,18.90909
1,30.708662,4.9545455
1,62.992126,10.285714
1,66.929131,4.7619047
1,71.259842,63.157894
1,66.929131,6.4666667
1,68.897636,11.2
1,70.866142,7.826087
1,67.322838,5.7272725
1,70.866142,5
1,73.228348,8.5714283
1,68.897636,50
1,70.472443,13.2
1,67.716537,6
1,70.472443,8.8888893
1,72.440948,11.2
1,66.535431,6.1666665
1,68.110237,8.3999996
1,69.685036,9.3818178
1,70.472443,11
1,66.141731,4.6511626
1,72.047241,15.131579
1,68.503937,7.9487181
1,69.685036,14.285714
1,67.322838,6.0540543
1,71.259842,10.666667
1,71.653542,3.5
1,70.078743,9.0666666
1,75.984253,11.4
1,70.866142,8.5
1,69.291336,8.4324322
1,71.259842,15
1,68.110237,4.8717947
1,74.015747,7.5
1,73.228348,5.4000001
1,74.015747,8.333333
1,68.503937,4.4444447
1,66.535431,4.3636365
1,69.685036,13.866667
1,66.535431,5.3333335
1,70.078743,8.75
1,68.110237,28.001999
1,68.110237,5.2272725
1,67.322838,4.390244
1,70.078743,132.63158
1,71.259842,7.5744681
1,70.472443,4
1,67.716537,7.0702705
1,72.047241,8.5405407
1,70.866142,5.3333335
1,71.259842,8
1,66.141731,40
1,68.503937,8.5526314
1,66.929131,8.1081085
1,67.716537,10.833333
1,72.834648,2.9000001
1,68.503937,6.9047618
1,74.015747,9.4339619
1,68.503937,7.7777777
1,65.354332,7.0789475
1,65.748032,14.054054
1,62.992126,3.2894738
1,67.716537,11.6
1,66.141731,8
1,69.685036,4.4444447
1,72.047241,9.3789473
1,68.897636,10.491429
1,69.685036,5.4545455
1,68.110237,4.5
1,75.984253,10.5
1,70.078743,8
1,62.598427,9.6000004
1,70.866142,8.5973339
1,66.535431,15
1,74.015747,102.08334
1,70.472443,14.4
1,70.866142,4.5238094
1,72.834648,12
1,68.110237,4.8000002
1,69.685036,3.75
1,72.047241,6.1999998
1,68.503937,8.5106382
1,66.535431,4.5999999
1,70.472443,8.1714287
1,69.291336,9
1,70.472443,6.1237841
1,68.110237,5.1999998
1,69.291336,10.909091
1,74.015747,7.4666667
1,68.110237,4.7857141
1,67.322838,20.571428
1,68.110237,12
1,70.078743,12.727273
1,73.228348,6.3513513
1,70.078743,13.799999
1,72.440948,16.5
1,74.015747,5.2340426
1,66.535431,10.810811
1,68.897636,6.3157897
1,67.322838,12.147568
1,70.866142,13.2
1,70.472443,10
1,68.897636,10.216216
1,72.047241,8.333333
1,74.409447,7.7333331
1,72.440948,6
1,70.866142,5.1578946
1,72.834648,8
1,69.685036,8.5
1,72.047241,9.7222223
1,71.259842,7.0512819
1,70.472443,7.1999998
1,70.078743,14.496
1,68.503937,14
1,66.929131,6.5555553
1,72.440948,13.378378
1,72.440948,8
1,68.897636,5.5263157
1,67.322838,13.714286
1,72.047241,14.4
1,68.110237,20
1,70.472443,10.75
1,72.047241,11.52
1,72.047241,5.4927273
1,70.472443,9.0810814
1,68.503937,6
1,70.472443,19.736841
1,75.196854,8.3819447
1,73.228348,12.888889
1,72.047241,8.3999996
1,68.503937,14.358109
1,68.897636,7.6758971
1,70.078743,4.0500002
1,69.291336,6.7777777
1,68.110237,10.8
1,69.685036,4
1,73.228348,10.105263
1,71.653542,5.4634147
1,68.897636,5.2307692
1,72.834648,8.666667
1,69.685036,6.4285712
1,70.472443,8.1081085
1,71.653542,10.2
1,70.078743,6.3965216
1,69.685036,8
1,74.015747,9.5238094
1,71.653542,10.5
1,72.440948,13.5
1,70.078743,9.9093332
1,70.866142,7.5
1,72.047241,7.1774192
1,70.472443,10.812973
1,67.716537,5.4054055
1,72.047241,6.0270271
1,70.472443,6.5789475
1,66.929131,8.4864864
1,71.259842,8
1,73.228348,6.7948718
1,65.748032,5.5128207
1,70.472443,8
1,68.110237,4
1,66.141731,8.4210529
1,74.409447,4.4736843
1,68.897636,4.8214288
1,72.047241,9
1,64.566933,7.552
1,71.653542,24.727272
1,75.590553,12.5
1,71.653542,6.086154
1,70.472443,7.6246152
1,66.141731,7.2631578
1,68.503937,6.8493152
1,65.748032,10.476191
1,75.984253,16
1,67.716537,4.0625
1,70.866142,5.8333335
1,73.228348,4.5404167
1,69.291336,14.666667
1,70.078743,3.5897436
1,68.897636,6
1,72.047241,4.2111111
1,66.535431,2.5714285
1,67.716537,3.8333333
1,70.078743,13.513514
1,66.141731,9.5
1,65.748032,12.371134
1,70.472443,5.1396923
1,66.929131,8
1,69.291336,6.9230771
1,67.716537,4.7894735
1,70.866142,4
1,70.472443,6.5384617
1,73.622047,7.7333331
1,68.897636,4.860465
1,70.078743,8.6400003
1,67.716537,3.6666667
1,67.716537,7.8782053
1,69.685036,4.9749999
1,69.685036,16.31579
1,66.141731,4.8888888
1,70.472443,5
1,68.503937,6.8600001
1,73.228348,7.4418607
1,70.472443,9.7777777
1,68.897636,8.3999996
1,68.897636,8
1,31.889763,21.333334
1,74.409447,11.547429
1,74.409447,9.6894445
1,67.716537,4.6153846
1,68.897636,4.4000001
1,71.653542,4.7142859
1,65.354332,17.142857
1,67.322838,7.0769229
1,67.322838,4.6904764
1,70.866142,4
1,66.929131,6.9333334
1,76.377953,7.3296003
1,69.291336,6.6700001
1,71.259842,20
1,68.503937,3.2564104
1,69.291336,11
1,69.291336,3.9583333
1,67.322838,9.066
1,72.047241,6.1224489
1,66.141731,10
1,69.685036,10.5
1,69.291336,5
1,67.716537,9.130435
1,63.385826,8.1081085
1,68.897636,8.8000002
1,70.866142,6.1621623
1,68.503937,12
1,69.685036,2.8599999
1,72.047241,13.191489
1,71.653542,4.7027025
1,69.685036,13.888889
1,72.834648,.54857147
1,65.748032,4.3076925
1,68.503937,7.1428571
1,70.078743,11.351352
1,69.291336,4.75
1,65.748032,5.3684211
1,65.354332,5.2199998
1,70.866142,9.4736843
1,66.929131,11.918919
1,74.015747,10
1,67.716537,5.909091
1,70.078743,7.2750001
1,68.897636,27.891891
1,63.385826,5.5
1,74.803146,10.133333
1,72.047241,11.538462
1,66.929131,7.2272725
1,74.803146,6.5454545
1,67.716537,10.08
1,66.929131,13.5
1,66.141731,10.666667
1,66.929131,5.1351352
1,69.291336,5.8000002
1,71.653542,8.4499998
1,70.866142,7.1428571
1,73.622047,6.4000001
1,69.291336,5.4363637
1,66.141731,8.3999996
1,71.653542,8.8000002
1,70.078743,15.263158
1,71.653542,9
1,72.440948,28.571428
1,72.440948,9.4588575
1,69.291336,11.064285
1,68.503937,8.1428576
1,71.259842,4.5957446
1,70.078743,11.636364
1,74.803146,6.8000002
1,71.259842,8.0769234
1,72.834648,4
1,67.716537,8.5
1,75.590553,6.6666665
1,66.141731,9.7297297
1,73.622047,6.6666665
1,68.897636,7.6216216
1,70.078743,6
1,66.535431,4.8974357
1,68.110237,11.107693
1,69.291336,48
1,68.897636,6
1,68.897636,4.0999999
1,67.322838,13.714286
1,71.653542,7.5675673
1,68.897636,4.3589745
1,66.141731,11.027027
1,66.929131,18.227272
1,70.078743,8.8888893
1,68.897636,4.1025643
1,66.141731,4.0229883
1,66.141731,5.2083335
1,26.771654,7.0625
1,63.779526,8
1,69.685036,4
1,71.653542,6.0869565
1,70.078743,4.7619047
1,72.440948,6.25
1,72.834648,5.5
1,71.259842,9.130435
1,74.409447,10.666667
1,72.834648,9
1,71.653542,4.4749999
1,71.653542,4.4307694
1,74.015747,14.4
1,73.228348,9.333333
1,71.653542,4.7399998
1,66.929131,7.818182
1,70.472443,8.5714283
1,69.291336,4.0975609
1,69.685036,10
1,69.685036,11.52
1,66.141731,9.3450003
1,72.834648,5.3333335
1,72.047241,12
1,69.291336,5.2941175
1,69.291336,4
1,75.590553,6.7210808
1,74.015747,10.057143
1,70.866142,8.8000002
1,69.291336,4.5192308
1,71.259842,8.363636
1,69.291336,8.5714283
1,68.110237,4
1,69.685036,7.7448649
1,70.866142,7.5555553
1,67.322838,12.222222
1,72.834648,22.380953
1,70.866142,10.436129
1,75.196854,7.8000002
1,74.803146,4.4444447
1,69.291336,10
1,70.472443,7.8571429
1,70.078743,15.217391
1,73.622047,21.777779
1,70.078743,9.2307692
1,67.322838,6.0714288
1,72.834648,10.256411
1,68.503937,12
1,70.866142,11.707317
1,65.748032,5.3333335
1,71.259842,3.2368422
1,68.503937,7
1,64.566933,5.7692308
1,72.047241,7.0769229
1,68.110237,7.0212765
1,70.866142,8.742857
1,67.716537,9.165
1,68.503937,10.75
1,74.015747,4.7906976
1,67.716537,13.714286
1,74.409447,4.7619047
1,65.748032,7.311111
1,67.716537,7.4015999
1,69.291336,34.857143
1,70.866142,19.200001
1,70.472443,8.2777777
1,70.472443,7.7777777
1,69.685036,7.75
1,72.047241,13.333333
1,70.866142,30.76923
1,67.322838,8.5333338
1,71.259842,10.08
1,71.653542,9.0285711
1,66.929131,25.710001
1,67.716537,7.1428571
1,71.653542,11.75
1,70.866142,13.891556
1,69.685036,13.333333
1,70.472443,15.135135
1,68.897636,7.1111112
1,68.110237,6.8000002
1,68.897636,17.948717
1,74.015747,8
1,68.897636,9.6000004
1,67.716537,8.6486483
1,72.834648,7.7777777
1,70.078743,7.0805554
1,71.653542,10
1,72.047241,14.074074
1,63.779526,4.704
1,70.078743,14.893617
1,66.929131,4.3541665
1,68.503937,14.736842
1,71.259842,7.1111112
1,68.897636,6.9729729
1,69.685036,15
1,69.685036,6.1016951
1,70.472443,16.4
1,69.291336,5.7777777
1,67.716537,9.0810814
1,68.897636,11
1,69.685036,12.218182
1,32.283466,10
1,68.503937,14
1,68.897636,12.777778
1,70.472443,100.2
1,67.716537,11.5
1,68.897636,10.4
1,70.078743,3.0166667
1,68.110237,5.3000002
1,74.015747,4.7619047
1,71.259842,21.333334
1,64.173225,9.6000004
1,68.503937,4.1599998
1,68.503937,7.8545456
1,64.173225,10
1,69.685036,9.8369999
1,70.472443,8
1,68.503937,8.0281687
1,72.047241,7.7386665
1,65.354332,37.5
1,68.110237,6.1333332
1,71.653542,2.4000001
1,70.078743,12
1,70.472443,8.3999996
1,69.291336,10.08
1,73.622047,9.8400002
1,68.110237,13.894737
1,67.322838,10
1,70.078743,9.1199999
1,68.897636,11.052631
1,71.259842,4.8000002
1,68.503937,9.9210529
1,66.141731,8.7894735
1,72.047241,8.8000002
1,70.472443,6.75
1,66.929131,8
1,70.078743,15.157895
1,71.653542,7.1375999
1,70.472443,7
1,74.409447,11.111111
1,74.803146,4.4444447
1,70.866142,4
1,74.803146,9.4594593
1,68.110237,6.3333335
1,69.685036,8.75
1,71.653542,7.7837839
1,71.259842,10
1,70.866142,7.8333335
1,67.716537,3.8108108
1,67.716537,11.875
1,70.078743,5.4987502
1,66.929131,12
1,66.535431,7.8000002
1,72.440948,84.538376
1,68.110237,7.5
1,70.078743,6.8571429
1,76.377953,14.634147
1,75.984253,20
1,71.653542,13.142858
1,68.897636,8.4631577
1,71.653542,4.7307692
1,74.409447,6.8888888
1,70.078743,6
1,55.90551,19.799999
1,68.110237,6.5714288
1,68.110237,8.9616661
1,67.716537,11
1,70.078743,11.904762
1,63.779526,5.5
1,74.015747,14.117647
1,68.110237,6.3333335
1,68.503937,11.636364
1,67.322838,10.6
1,69.685036,7.1428571
1,68.503937,7.5500002
1,69.685036,7.4285712
1,68.897636,3.3846154
1,71.259842,7.5555553
1,71.653542,12
1,67.716537,12.324325
1,69.685036,6.0897436
1,68.503937,6.3333335
1,67.322838,4.875
1,67.716537,13.5984
1,68.110237,7.0270271
1,70.472443,12
1,66.929131,5.1111112
1,65.354332,8.2545452
1,69.291336,17.142857
1,67.716537,3.2162163
1,71.653542,91.5
1,67.322838,8
1,69.291336,10.378378
1,67.716537,10.2
1,69.685036,7.8947368
1,68.110237,19.200001
1,74.015747,5.125
1,74.803146,13.888889
1,66.141731,11.052631
1,70.866142,9.6000004
1,68.503937,6.6486487
1,63.385826,10.800556
1,72.047241,9.166667
1,73.622047,10.526316
1,72.047241,8
1,71.259842,8.5714283
1,68.897636,5
1,62.992126,11.111111
1,69.685036,6.9387755
1,72.047241,25.454546
1,68.897636,4.9250002
1,68.503937,10.454545
1,66.141731,5.8333335
1,70.078743,6.4000001
1,67.322838,25
1,68.110237,9.0450001
1,67.716537,6.4102564
1,75.590553,9.6000004
1,72.047241,11.368421
1,68.503937,6.9533334
1,70.866142,7.7142859
1,66.141731,8.666667
1,72.047241,12.820513
1,67.716537,12
1,72.834648,6.295814
1,74.015747,13.72093
1,74.015747,1.74
1,70.078743,8.2142859
1,70.078743,5.4054055
1,72.047241,10
1,71.259842,10.378378
1,66.141731,7.647059
1,68.897636,15.466666
1,71.259842,12.888889
1,68.897636,3.8
1,66.535431,9.304348
1,73.228348,12.5
1,70.078743,6.7857141
1,67.716537,7.609756
1,73.622047,6.8666668
1,66.141731,8
1,72.440948,13.6
1,72.440948,3.409091
1,72.834648,13.68
1,69.291336,50.400002
1,72.834648,5.5238094
1,75.590553,10
1,68.110237,4.8971429
1,69.685036,17.297297
1,68.897636,16.571428
1,68.110237,16.200001
1,73.228348,9.25
1,67.716537,5.8333335
1,71.259842,8.8421049
1,68.503937,8.8421049
1,67.322838,3.2222223
1,70.472443,9.1999998
1,68.897636,8.5714283
1,70.472443,6.1538463
1,71.653542,8.3999996
1,67.716537,7.1052632
1,61.811024,6.6666665
1,66.929131,10.444445
1,70.078743,8.1599998
1,70.866142,12
1,70.866142,8.8815794
1,67.716537,7.1111112
1,75.196854,6.4102564
1,72.047241,9.257143
1,67.322838,7.5
1,70.472443,16.666666
1,67.322838,8.4444447
1,70.078743,13.8
1,70.866142,5.1666665
1,70.472443,4.25
1,74.409447,7.5
1,74.015747,12.5
1,68.110237,43.200001
1,68.503937,4.1025643
1,63.779526,5.868
1,67.322838,9
1,71.653542,12.8
1,67.322838,4.5538464
1,68.897636,8.5333338
1,65.354332,9.2432432
1,76.771652,12.857142
1,67.322838,10.285714
1,69.291336,9.4834146
1,61.811024,11.75
1,71.653542,9.2105265
1,72.047241,50
1,72.047241,15.263158
1,72.047241,8.5714283
1,67.322838,20
1,68.503937,4.477612
1,70.078743,11
1,72.440948,13.225
1,69.685036,9.4444447
1,68.110237,1.1242106
1,70.078743,14.814815
1,69.291336,15.555555
1,67.716537,10.971429
1,70.472443,6
1,70.866142,9.8857145
1,70.866142,4.7368422
1,70.866142,6.6666665
1,70.472443,6.25
1,64.566933,8.9902706
1,71.259842,4.4000001
1,70.866142,6.1333332
1,70.078743,8.2702703
1,74.803146,14.285714
1,66.929131,8.9743586
1,70.472443,3.1944444
1,73.228348,27.200001
1,68.110237,3.8095238
1,72.834648,11.25
1,68.503937,6.6666665
1,72.047241,16
1,71.259842,11.612904
1,71.259842,11.618462
1,71.653542,12.8
1,66.929131,15
1,67.716537,10.5
1,71.259842,8.5405407
1,71.259842,10
1,73.622047,11.111111
1,68.110237,8.9059458
1,65.748032,9.5555553
1,66.535431,6.8888888
1,71.259842,8.6842108
1,74.409447,9
1,66.929131,17
1,77.559052,9.7777777
1,68.503937,5.3333335
1,75.196854,10
1,68.503937,12
1,69.291336,8.9059458
1,70.078743,12.773333
1,78.740158,19.044445
1,70.078743,9.5
1,65.354332,6.1363635
1,71.653542,4.8392
1,68.110237,8.0952377
1,69.291336,7
1,69.685036,12.4
1,75.196854,17.777779
1,70.078743,8
1,66.929131,8.9142857
1,70.866142,8.4444447
1,69.685036,5.1999998
1,65.748032,9.5747366
1,70.078743,5
1,65.748032,10
1,72.834648,18
1,72.047241,7.4626865
1,69.685036,10.345945
1,65.354332,3.6500001
1,68.897636,6.5454545
1,70.078743,7.6666665
1,69.291336,7.2727275
1,74.015747,24
1,69.685036,5.3913045
1,70.472443,6.8221622
1,75.590553,12.763636
1,70.078743,9.871892
1,73.622047,5.1999998
1,73.622047,6.4000001
1,72.047241,11.428572
1,68.897636,5.503684
1,72.047241,12.5
1,68.110237,9.6000004
1,70.472443,12.222222
1,66.141731,6.9000001
1,72.440948,7.5657897
1,66.535431,13.888889
1,70.078743,5.1020408
1,71.653542,5.090909
1,75.984253,11.04
1,72.047241,11.657143
1,67.716537,.9818182
1,68.897636,7.1142855
1,69.291336,5.7062502
1,72.834648,12.665
1,75.984253,5.6410255
1,72.440948,13.32
1,68.110237,7.818182
1,66.535431,8.6000004
1,69.685036,8.8235292
1,68.897636,12
1,74.015747,8.045455
1,66.141731,7
1,67.716537,6.2068968
1,79.527557,11.368421
1,70.472443,13.72093
1,69.685036,11.842105
1,73.622047,9.9839993
1,68.110237,9.7142859
1,68.110237,7.3200002
1,73.622047,11.578947
1,70.472443,7.352941
1,74.015747,6
1,66.929131,4.6428571
1,70.078743,7.8285713
1,66.535431,5.5
1,69.685036,3.8461537
1,73.622047,8.75
1,71.653542,11.733334
1,69.291336,6.25
1,72.047241,14
1,74.409447,8.333333
1,73.228348,91.199997
1,71.259842,14.181818
1,72.047241,10.526316
1,72.834648,72
1,69.685036,13.45
1,68.897636,9.375
1,72.047241,12.5
1,73.622047,16.799999
1,68.897636,132
1,68.897636,12.342857
1,67.716537,9.5279999
1,73.228348,7.6363635
1,71.653542,12.727273
1,71.653542,9.333333
1,76.771652,6.8727274
1,68.897636,7.5789475
1,68.110237,8.3199997
1,72.834648,10.222222
1,68.897636,5.7962961
1,69.291336,6.5747366
1,71.653542,4.2857141
1,71.653542,8.9473686
1,73.228348,7.5999999
1,70.866142,6.6976743
1,68.897636,6.6666665
1,70.078743,22.5
1,69.685036,6
1,72.047241,9.1578951
1,69.291336,14
1,70.472443,138
1,75.590553,7.9487181
1,70.866142,4.2307692
1,71.653542,6.6666665
1,66.929131,7.4285712
1,66.929131,10
1,70.472443,20.888889
1,66.535431,5.1282053
1,68.897636,9.6000004
1,75.984253,14.4
1,70.866142,10.333333
1,68.897636,8.4210529
1,61.023621,6.0526314
1,70.078743,4.2857141
1,70.078743,8.8888893
1,71.259842,6.6666665
1,71.653542,5.6363635
1,74.015747,9.189189
1,70.078743,15
1,70.078743,9.9984007
1,71.653542,6.9200001
1,70.078743,16
1,71.653542,8
1,74.015747,9.333333
1,73.622047,11.428572
1,70.472443,3.6666667
1,68.503937,72
1,70.078743,10
1,71.653542,2.75
1,71.259842,9.6000004
1,72.047241,6.3829789
1,71.653542,13.333333
1,69.685036,10.5
1,72.047241,8.181818
1,67.716537,8.4324322
1,67.716537,7.0527778
1,71.259842,13.333333
1,77.165352,10.666667
1,71.259842,4.8333335
1,71.653542,5
1,68.110237,5.2631578
1,70.472443,10.378378
1,68.503937,10.105263
1,69.685036,6.3200002
1,72.047241,5.5714288
1,71.653542,4.7619047
1,72.047241,4
1,68.110237,4
1,69.291336,17.6
1,67.716537,4
1,66.141731,13.333333
1,73.228348,10.8
1,71.653542,10.786285
1,66.535431,11.428572
1,73.622047,9.1866665
1,69.685036,6.8888888
1,73.622047,10.555555
1,68.897636,7.1428571
1,70.078743,7.4666667
1,69.685036,14.285714
1,67.716537,8.727273
1,66.929131,12.083333
1,67.322838,9.0476189
1,71.653542,8.8888893
1,72.047241,8
1,71.653542,7.1428571
1,68.503937,6.1714287
1,70.866142,10.256411
1,70.472443,11.98
1,73.228348,7.7192984
1,62.992126,9.583333
1,70.866142,2.5
1,72.834648,11.621622
1,72.440948,4.2105265
1,67.716537,8.5263157
1,69.685036,11.2
1,68.110237,3.5428572
1,71.259842,10.5
1,68.897636,8.4324322
1,75.196854,14.4
1,69.685036,13.333333
1,73.228348,4.7619047
1,67.716537,6.25
1,65.748032,13.157895
1,69.291336,8.8991995
1,70.866142,10.2
1,70.078743,7.2727275
1,67.716537,9.875555
1,69.291336,5.6329412
1,68.110237,11.111111
1,74.803146,6
1,65.748032,4.4615383
1,70.472443,10.652174
1,69.685036,129
1,69.291336,20
1,66.929131,8.5714283
1,67.716537,9.2886486
1,69.685036,4.7457628
1,67.716537,10
1,74.015747,7.3846154
1,66.929131,113.33334
1,73.622047,9.0476189
1,71.259842,3.7771428
1,67.716537,8.4324322
1,78.740158,17.727272
1,70.472443,8.75
1,66.141731,9.2307692
1,69.685036,3.75
1,66.535431,3.5555556
1,68.110237,8.1066666
1,69.291336,7.3000002
1,73.622047,9.4736843
1,70.472443,13.963636
1,69.291336,7.5
1,69.291336,6.3243241
1,67.322838,10
1,75.196854,9.257143
1,63.779526,3.4375
1,71.653542,10.277778
1,71.653542,6.4000001
1,73.228348,10.363636
1,73.228348,11.578947
1,69.291336,16.666666
1,72.834648,22.702703
1,70.078743,5.818182
1,67.716537,10.857142
1,72.047241,11.052631
1,70.866142,10
1,70.078743,17.142857
1,70.472443,121.05264
1,70.472443,3.3333333
1,70.078743,5.0847459
1,66.929131,28.333334
1,77.559052,14.482759
1,68.110237,10.909091
1,73.622047,14.857142
1,68.897636,5.6034484
1,69.685036,6.1320753
1,64.173225,10.555555
1,67.716537,6.9189191
1,67.716537,6.1621623
1,72.047241,3.9157896
1,71.259842,6.1363635
1,66.535431,9.7837839
1,70.078743,4.8479247
1,71.259842,5.6999998
1,71.259842,11.428572
1,73.228348,7.2222223
1,67.322838,5.8293333
1,72.047241,4.6153846
1,67.322838,8.6400003
1,71.259842,15.428572
1,70.078743,6.4615383
1,68.897636,6.5128207
1,68.897636,5.6666665
1,65.748032,9
1,71.653542,6.1538463
1,71.259842,11.2
1,64.960632,12.380953
1,72.834648,6
1,72.440948,10
1,71.259842,6.6666665
1,74.409447,6.8571429
1,73.228348,8.8461542
1,73.622047,9.7222223
1,74.015747,4.8000002
1,69.685036,22
1,67.716537,3.6444445
1,69.291336,27.6
1,66.141731,7.5
1,65.748032,21
1,71.653542,5.7142859
1,72.047241,12.666667
1,70.078743,10.25
1,74.015747,6.5961537
1,70.866142,4.4912281
1,67.716537,6.2399998
1,72.440948,9
1,72.834648,10.5
1,64.566933,7.5789475
1,69.291336,8.75
1,72.440948,6.8421054
1,74.803146,14.339622
1,72.440948,13.8
1,73.228348,18
1,66.535431,19
1,72.834648,14.666667
1,67.716537,8.8000002
1,66.535431,6.6666665
1,72.834648,12.307693
1,67.716537,5.5999999
1,70.078743,10.5
1,68.897636,6.6666665
1,70.472443,9.020833
1,69.291336,.65405405
1,72.834648,5.319149
1,68.110237,7.6923075
1,70.078743,10.697675
1,73.228348,10.5
1,70.472443,12.285714
1,69.685036,12.820513
1,73.228348,7.6388888
1,70.078743,11.369143
1,69.291336,6.1999998
1,73.622047,10
1,69.291336,7.1111112
1,70.078743,4.5454545
1,67.322838,4
1,75.984253,4.8333335
1,68.503937,5.189189
1,70.866142,4.9714284
1,67.716537,13.8
1,61.811024,6.8000002
1,72.047241,74.285713
1,70.078743,48
1,70.078743,9.6756754
1,69.685036,8.181818
1,71.653542,12.222222
1,69.291336,12.4
1,70.866142,9.405405
1,69.685036,4.6666665
1,67.322838,6.3000002
1,66.535431,4.6857142
1,72.047241,17.322001
1,67.716537,5.5999999
1,66.929131,13.085714
1,73.228348,6.9621625
1,74.015747,27.5
1,75.196854,5.652174
1,70.866142,12
1,71.653542,11.124
1,70.078743,7.5999999
1,68.897636,7.04
1,70.472443,11.16279
1,71.653542,12.324325
1,66.141731,4.8139534
1,72.047241,19.200001
1,66.141731,5.6626086
1,67.716537,9.2108107
1,67.322838,3.6226416
1,66.929131,105
1,64.173225,18.333334
1,72.440948,7.6666665
1,66.535431,5.5599999
1,68.110237,6.4705882
1,69.685036,167.02702
1,77.559052,7.3846154
1,68.503937,12
1,70.866142,6.6315789
1,67.322838,9.6000004
1,71.259842,6.7777777
1,70.472443,5.5641026
1,26.771654,11.628
1,71.653542,15.714286
1,73.228348,10.672
1,64.566933,6.1538463
1,68.503937,6.3984003
1,68.110237,3.6923077
1,69.685036,10
1,68.110237,5.4285712
1,68.897636,9.0810814
1,73.622047,9.3421049
1,73.228348,7.2000003
1,70.078743,4.7692308
1,66.141731,3.4545455
1,71.259842,8.6486483
1,66.929131,7.1999998
1,74.015747,6.8571429
1,73.228348,6.7199998
1,70.078743,7.6744184
1,73.622047,15.625
1,76.377953,9.3405409
1,70.472443,9.6571426
1,75.196854,4.8000002
1,68.110237,5.2307692
1,73.228348,7.5675673
1,71.653542,6.868
1,70.078743,6.6862745
1,70.472443,9.1316662
1,66.535431,6.5675673
1,65.748032,7.75
1,72.834648,4.8333335
1,27.952755,5.3333335
1,70.078743,5.1578946
1,70.472443,8.9142857
1,67.322838,2.8545454
1,68.110237,9
1,65.354332,4
1,70.078743,4.2833333
1,67.716537,8.75
1,70.866142,5.7142859
1,69.291336,9.1428576
1,74.409447,10.8
1,69.291336,135.55556
1,68.110237,5.5684848
1,67.716537,7.5555553
1,63.385826,4.1599998
1,72.047241,6.6666665
1,68.503937,5.090909
1,71.653542,4.0019999
1,70.866142,8.5714283
1,69.291336,13.428572
1,69.291336,8.5152006
1,72.834648,16.216217
1,69.685036,3.6666667
1,66.929131,5.4054055
1,68.897636,133.14285
1,75.196854,4.0526314
1,68.897636,10.5
1,72.047241,7.4920001
1,62.598427,5.5128207
1,64.960632,3.6923077
1,66.141731,7.25
1,72.047241,10
1,71.653542,9
1,68.503937,6.5789475
1,68.503937,4.5
1,68.110237,13.111111
1,72.047241,5.1063828
1,70.866142,4.4680853
1,69.291336,11.111111
1,69.685036,7.5999999
1,71.259842,4.9116278
1,71.259842,6
1,68.897636,18.857143
1,68.897636,7.8461537
1,68.897636,10.388889
1,71.653542,10.909714
1,68.897636,6.25
1,70.472443,5.7600002
1,70.472443,7.6923075
1,72.834648,9.9200001
1,66.929131,5.1136365
1,71.259842,41.860466
1,67.322838,6.563077
1,70.866142,9
1,73.228348,7.3846154
1,68.503937,6.5999999
1,72.047241,11.496
1,66.929131,4.7761192
1,66.929131,2.5625
1,72.047241,17.200001
1,66.535431,5.4545455
1,64.960632,19.39394
1,70.472443,8.8000002
1,64.960632,5.5
1,69.291336,3
1,68.110237,3.6666667
1,67.716537,6.1538463
1,64.960632,10.714286
1,67.716537,4.4444447
1,67.322838,5.6444445
1,68.503937,6
1,67.322838,10.909091
1,71.653542,4.1904764
1,70.472443,9.0810814
1,62.992126,6.0631576
1,65.354332,5.3589745
1,71.653542,4.1230769
1,70.866142,4.1999998
1,69.685036,13.5
1,66.535431,3.7777777
1,78.740158,6.4000001
1,74.803146,4.9846153
1,67.716537,9.405405
1,77.559052,4.8717947
1,70.472443,8.8888893
1,68.110237,7.6559997
1,67.322838,7.5227027
1,71.653542,8.454545
1,65.748032,9.9189186
1,69.291336,5.5
1,73.622047,4.2222223
1,75.196854,14.545455
1,72.834648,13.571428
1,72.440948,432.47568
1,66.929131,7.931818
1,68.897636,15.157895
1,68.110237,4.090909
1,70.078743,4.1025643
1,70.866142,5.125
1,69.685036,5
1,74.015747,8.1632652
1,62.598427,3.4000001
1,66.929131,6.3243241
1,70.866142,5.8536587
1,67.716537,5.3076925
1,70.078743,3.4285715
1,71.653542,6.5454545
1,71.653542,6.7894735
1,72.440948,5.3488374
1,70.078743,14.761905
1,66.929131,5.8163266
1,68.897636,3.9487178
1,68.897636,5.6756759
1,71.653542,14.341622
1,70.078743,10.08
1,71.653542,14.285714
1,66.929131,11.5
1,69.291336,9.594595
1,68.897636,4
1,66.535431,6.4935064
1,69.685036,8.9974995
1,69.291336,6.5789475
1,72.440948,18
1,68.110237,12.525
1,69.685036,5
1,67.322838,9
1,68.110237,9.7066669
1,66.929131,5.1282053
1,71.259842,9.2105265
1,32.677166,10.378378
1,68.897636,10.8
1,71.653542,4
1,70.472443,4.1666665
1,68.110237,9.1428576
1,72.834648,5.25
1,71.653542,13.617022
1,74.015747,8.2105265
1,67.716537,9.1000004
1,66.141731,6.3333335
1,69.291336,5.0192308
1,70.472443,8.4210529
1,72.047241,3.25
1,70.472443,4.4047618
1,68.503937,10
1,67.716537,4.2857141
1,74.015747,8.3999996
1,62.598427,4
1,69.291336,8.1168003
1,71.653542,8.8800001
1,71.653542,15
1,68.503937,4
1,66.535431,5.2272725
1,70.472443,10.5
1,65.748032,7
1,70.078743,6.1538463
1,72.834648,12.083333
1,69.685036,4.8909092
1,64.173225,7.625
1,72.047241,10.153846
1,66.141731,8.0832005
1,74.015747,8.347826
1,68.110237,11.290322
1,68.503937,131.94444
1,70.866142,6.5454545
1,72.834648,6.7692308
1,69.291336,7.1428571
1,76.377953,12.222222
1,70.078743,6.25
1,74.015747,4.8000002
1,70.078743,6.5306125
1,72.047241,8.333333
1,72.047241,10.042106
1,72.047241,11.307693
1,72.047241,24
1,69.685036,3.4615386
1,68.897636,8.9189186
1,66.929131,5.8800001
1,67.322838,9
1,64.566933,74.666664
1,69.291336,8.6486483
1,69.685036,9.2631578
1,65.748032,5.3846154
1,70.078743,4.8000002
1,69.291336,5.6153846
1,70.472443,5
1,72.834648,3
1,70.472443,6.5099998
1,68.503937,5
1,63.385826,7
1,72.834648,2.8
1,72.440948,5.0594592
1,70.078743,4.5
1,71.259842,7.5555553
1,67.322838,5.7600002
1,74.015747,9.1428576
1,69.685036,8.8999996
1,68.897636,5.3488374
1,69.291336,7.826087
1,63.779526,4.5238094
1,71.259842,5.6410255
1,69.685036,5.7894735
1,68.503937,9
1,68.897636,10.8
1,72.834648,9.6000004
1,72.834648,13.888889
1,74.015747,10.971429
1,68.110237,7.9361906
1,66.535431,7.5
1,65.748032,6.2702703
1,72.047241,3.891892
1,67.716537,5.04
1,75.590553,4.8648648
1,69.291336,5.5625
1,69.685036,7.6378379
1,70.472443,11.707317
1,68.897636,3.5897436
1,69.685036,6.7567568
1,70.078743,3.6666667
1,66.141731,7
1,67.716537,2.0520833
1,67.716537,5.8333335
1,70.078743,11.351352
1,73.228348,9.4594593
1,72.834648,6.8421054
1,71.259842,4.8958335
1,72.047241,11.112888
1,68.503937,9.9428568
1,70.472443,8.9473686
1,70.078743,5.9259257
1,66.535431,5.4523811
1,69.291336,8.5714283
1,70.078743,5.3333335
1,64.566933,3.5641026
1,68.897636,6.7567568
1,70.078743,3.5439999
1,72.440948,6.7567568
1,69.291336,7.4000001
1,33.070866,6.6666665
1,67.322838,8.9189186
1,73.622047,8.8888893
1,22.440945,3.575
1,68.110237,7.3684211
1,70.866142,8
1,73.622047,19.722221
1,64.566933,5.4736843
1,68.110237,7.4864864
1,68.110237,6.7261539
1,70.472443,8
1,66.929131,3.5641026
1,69.291336,10.88
1,73.228348,8.5021276
1,68.897636,18
1,68.503937,12.432432
1,67.716537,8.638298
1,70.078743,10.2
1,68.503937,9.4594593
1,67.322838,4.4000001
1,68.503937,5.060606
1,64.960632,11.111111
1,71.653542,1.45
1,69.291336,8.9189186
1,71.259842,10.65
1,69.685036,4.5945945
1,69.291336,3.3571429
1,70.078743,4.9736843
1,75.196854,3.4615386
1,29.527559,5.9459457
1,73.228348,4.9729729
1,69.685036,5.3513513
1,63.385826,4.0810809
1,64.566933,8.1081085
1,77.952759,9
1,68.503937,5.1999998
1,71.259842,4.3396225
1,67.716537,4.638298
1,70.472443,5.9428573
1,64.566933,5.2820511
1,74.803146,12
1,68.897636,5.9189191
1,69.291336,4.3200002
1,68.503937,4.0540543
1,70.866142,10.526316
1,70.078743,3.9574468
1,69.291336,14.502856
1,68.897636,5.5542855
1,71.653542,8
1,68.110237,13.829787
1,69.685036,7.1794872
1,68.110237,7.3491898
1,67.322838,10.666667
1,72.834648,7.1111112
1,69.291336,4.5901637
1,66.929131,5.8974357
1,69.291336,5.3090911
1,69.685036,4.4871793
1,68.503937,6.4864864
1,66.535431,8.139535
1,71.653542,8.8888893
1,72.047241,7.1999998
1,70.078743,14.054054
1,67.716537,3.8461537
1,70.078743,2.5999999
1,64.173225,5.3076925
1,70.078743,13
1,66.141731,6.9444447
1,74.015747,5.2345943
1,71.259842,8.5714283
1,72.834648,19.272728
1,68.110237,5.6603775
1,67.716537,6.5
1,72.047241,7.1428571
1,74.803146,8.2222223
1,74.015747,7.5
1,69.685036,6
1,70.078743,6.3499999
1,74.015747,3.6571429
1,75.196854,86.486488
1,74.803146,10.8
1,70.472443,4.8780489
1,72.440948,7.6744184
1,69.685036,3.9285715
1,72.047241,3.9555554
1,75.196854,9.2307692
1,70.078743,12.820513
1,66.929131,5.1999998
1,65.748032,4.4871793
1,68.110237,6.5476189
1,71.259842,9.333333
1,65.748032,5.8536587
1,69.685036,8.3146667
1,66.535431,6.8072724
1,70.078743,12.5
1,66.535431,6.7605634
1,68.897636,5.0952382
1,68.110237,2
1,68.110237,3.1219511
1,69.685036,7.8947368
1,67.716537,6.1428571
1,67.716537,4.2857141
1,69.685036,8.2051287
1,67.716537,10.2
1,74.015747,9.583333
1,65.354332,10.666667
1,68.110237,6.6666665
1,65.354332,7.7179489
1,67.322838,3.9160001
1,68.897636,15.416667
1,71.259842,7.5518923
1,66.929131,2.9767442
1,71.653542,4.7435899
1,66.141731,7
1,25.19685,7.1794872
1,70.866142,11.25
1,70.078743,15.2
1,65.354332,78
1,70.078743,7.1351352
1,69.685036,4.8863635
1,66.929131,7.6190476
1,33.858269,9.2307692
1,69.291336,7.6666665
1,72.047241,4.3589745
1,68.110237,6.2222223
1,70.472443,7.6923075
1,68.110237,6.6162162
1,70.866142,5.5999999
1,66.929131,3.1914895
1,67.322838,5
1,68.503937,6.4250002
1,70.866142,7.8810811
1,72.047241,8.3999996
1,70.866142,9
1,67.716537,10.153846
1,65.748032,6.6241026
1,66.929131,9.6000004
1,73.622047,3.9069767
1,71.653542,8.4210529
1,71.653542,6.2162161
1,66.929131,6.3200002
1,68.897636,9.2307692
1,68.110237,7.3513513
1,74.803146,2.5
1,66.929131,11.333333
1,70.866142,6
1,68.897636,8.1081085
1,72.047241,3.7209303
1,64.960632,4.8499999
1,66.535431,3.4102564
1,69.685036,4.25
1,70.866142,5.1282053
1,69.685036,8.4888887
1,64.960632,10.6
1,66.141731,5.1282053
1,74.803146,8.6486483
1,71.259842,10.998
1,70.078743,.16666667
1,67.322838,8.7179489
1,73.228348,6.25
1,71.259842,5.75
1,69.291336,12
1,69.685036,6.6999998
1,71.653542,11
1,72.047241,3.3333333
1,71.259842,4.2307692
1,71.259842,5
1,66.535431,4
1,69.291336,8.1081085
1,71.259842,4.8974357
1,70.078743,9.1999998
1,66.535431,3.9285715
1,69.291336,11.351352
1,70.078743,5.909091
1,70.472443,12.363636
1,73.622047,10.357142
1,68.503937,12.5
1,67.716537,9.7297297
1,68.110237,12.888889
1,70.078743,9.7297297
1,69.291336,6.4864864
1,64.960632,5.4000001
1,70.078743,2.2222223
1,68.897636,4.5749998
1,70.866142,8.125
1,72.834648,3.3333333
1,70.866142,8.4444447
1,66.929131,4.7416215
1,68.110237,5.9459457
1,71.653542,8.5714283
1,66.535431,10.666667
1,69.685036,4.5538464
1,66.929131,5.1827025
1,71.259842,5.2750001
1,78.346458,9.3000002
1,67.322838,9.375
1,72.047241,3.5999999
1,69.291336,11.085714
1,70.472443,5.3658538
1,69.685036,10.285714
1,70.866142,8.625
1,68.110237,7
1,68.897636,8
1,75.196854,2.7777777
1,74.015747,5.1500001
1,68.503937,11.2
1,72.834648,5.6842103
1,65.748032,10.56
1,72.047241,6.521739
1,70.078743,5.5897436
1,70.078743,11.2
1,61.811024,8.9189186
1,70.866142,66.428574
1,66.929131,4.8717947
1,68.110237,3
1,70.078743,405.66037
1,70.078743,8.2051287
1,69.291336,7.7837839
1,66.141731,2.9166667
1,66.141731,5.8064518
1,70.078743,4.4444447
1,64.566933,7.6363635
1,71.259842,4.9189191
1,66.535431,6.2857141
1,68.897636,21.621622
1,72.047241,5
1,71.653542,11.857142
1,67.716537,5.6666665
1,68.503937,5.8461537
1,69.685036,4
1,72.440948,4.6363635
1,69.291336,14.189189
1,72.834648,14.594595
1,70.472443,4.8417392
1,70.078743,5.652174
1,70.078743,4
1,70.078743,5.3488374
1,69.291336,4.2800002
1,72.047241,8
1,69.685036,6.6666665
1,68.897636,4.4897957
1,66.929131,4.1282053
1,70.472443,5.5135136
1,70.078743,3.5897436
1,72.440948,4.4000001
1,69.685036,5.3684211
1,70.866142,7.1794872
1,68.897636,9.1428576
1,68.503937,10.56
1,72.834648,4
1,73.228348,9.405405
1,70.472443,4.5714288
1,73.228348,10.848001
1,68.110237,6.2162161
1,69.291336,8.3058825
1,64.173225,3.875
1,73.622047,3.8333333
1,65.354332,5.875
1,69.685036,15.350667
1,64.960632,3.5
1,68.110237,7.8947368
1,66.141731,3.7692308
1,70.078743,10.833333
1,66.141731,5.111351
1,65.748032,5.1282053
1,74.015747,3.5576923
1,70.866142,16.27907
1,69.291336,4.4615383
1,68.503937,3.375
1,67.716537,4.2307692
1,72.047241,5.9459457
1,67.716537,7.5
1,72.047241,3.9682539
1,66.141731,3.1025641
1,68.110237,7
1,74.015747,6.7948718
1,64.960632,12.5
1,70.472443,4.3200002
1,74.409447,8.1132078
1,70.866142,8.333333
1,69.685036,8.727273
1,72.834648,5.1025643
1,68.110237,6.1139998
1,65.748032,2.75
1,70.866142,10.857142
1,68.897636,4
1,65.748032,7.1111112
1,71.259842,7.1428571
1,69.291336,7.2222223
1,72.440948,11.891891
1,67.322838,5.4285712
1,68.503937,3.8636363
1,75.196854,9.333333
1,68.897636,8.2610531
1,66.929131,5.8139534
1,68.897636,3.4166667
1,68.897636,4.1794872
1,72.047241,7.2972975
1,67.716537,6.8421054
1,70.866142,7.6923075
1,68.503937,3.5326087
1,70.472443,10.897436
1,68.503937,10.131707
1,68.110237,9
1,68.897636,8.1499996
1,69.685036,8.333333
1,68.503937,6
1,72.440948,7.75
1,68.897636,11.282051
1,67.322838,7.2727275
1,70.078743,4.7435899
1,70.866142,4.4444447
1,68.110237,11.111111
1,70.078743,5.4545455
1,65.354332,8.8421049
1,70.078743,8.4210529
1,73.622047,12
1,73.228348,7.2307692
1,70.866142,9.1836739
1,72.834648,8.1632433
1,77.559052,20
1,71.653542,8.1999998
1,68.503937,11.111111
1,73.228348,10.526316
1,72.440948,6.6666665
1,70.078743,6.8421054
1,72.047241,7.1794872
1,72.834648,13.5
1,66.141731,7.2413793
1,66.929131,4.7826085
1,66.141731,8.1081085
1,64.960632,4.98
1,64.173225,6.4250002
1,70.078743,11.2
1,73.228348,6.4473686
1,71.653542,4.2666669
1,64.960632,5.1048651
1,72.834648,9.7297297
1,70.078743,16.864864
1,65.354332,5.3333335
1,72.047241,3.6170213
1,68.110237,8.1081085
1,69.291336,12.266666
1,69.685036,8.2800007
1,65.354332,4.5454545
1,74.409447,8.2222223
1,70.078743,5.3189192
1,70.866142,9.8378382
1,71.259842,16.5
1,67.716537,5.1428571
1,72.440948,10.666667
1,73.228348,5.1282053
1,66.535431,5.1794872
1,65.748032,3.0769231
1,69.291336,10.4
1,69.291336,9.7297297
1,63.779526,4.3076925
1,72.440948,7.6363635
1,66.535431,7.8000002
1,67.716537,8.0555553
1,66.141731,6.9047618
1,68.110237,6.6271186
1,74.015747,20
1,70.866142,10.374
1,66.929131,5.818182
1,69.291336,14.054054
1,74.015747,6
1,72.834648,65.14286
1,70.866142,6.2790699
1,65.354332,7.8947368
1,66.929131,5.9523811
1,66.929131,6.1538463
1,68.503937,2.5
1,74.409447,42.162163
1,73.622047,4
1,67.322838,3.025641
1,72.440948,10.347907
1,71.259842,5.8974357
1,72.440948,6
1,69.685036,6.7199998
1,72.047241,15
1,66.535431,4.7368422
1,68.110237,5.7692308
1,69.291336,7.5
1,73.622047,7.1428571
1,69.291336,5.75
1,67.322838,4.9250002
1,72.047241,6.4864864
1,70.078743,4.810811
1,70.472443,8.8000002
1,69.291336,9.1428576
1,68.503937,4.8936172
1,68.897636,4.1025643
1,67.322838,11.84
1,70.866142,6.0714288
1,71.653542,11.25
1,65.354332,.46808511
1,67.716537,13.333333
1,69.291336,6.7567568
1,66.141731,5.1282053
1,72.047241,6.8029094
1,70.866142,4.4444447
1,66.535431,4.3421054
1,70.078743,4.75
1,67.716537,6.3076925
1,68.110237,6.7272725
1,68.897636,5.5897436
1,68.897636,5.1111112
1,68.897636,7.1999998
1,68.503937,4.4102564
1,72.047241,6.6181817
1,64.960632,6.6486487
1,68.110237,7.4615383
1,70.078743,5.681818
1,66.929131,2.7272727
1,68.897636,10.705882
1,72.440948,8.1599998
1,71.653542,8.7567568
1,74.803146,5.0476189
1,75.196854,15.36
1,69.685036,9
1,72.440948,5.9210525
1,64.960632,5.75
1,63.385826,8.9189186
1,69.685036,8.521739
1,65.354332,5.875
1,70.472443,5.090909
1,70.078743,6.9210525
1,68.897636,6.5384617
1,69.685036,3.2564104
1,72.047241,9
1,72.047241,6.2162161
1,67.716537,5.5555553
1,72.834648,15
1,71.259842,4.5833335
1,72.440948,9.594595
1,67.322838,6.0869565
1,66.141731,3.4000001
1,72.047241,7.8947368
1,72.834648,7.5555553
1,72.834648,5.5005407
1,66.929131,10.571428
1,75.196854,10.666667
1,69.685036,10
1,65.748032,5.3000002
1,73.228348,8.8888893
1,71.259842,4.8205128
1,68.503937,8.8571424
1,70.472443,6.9047618
1,71.653542,7.4489794
1,66.141731,6.7105265
1,70.472443,6.8000002
1,68.503937,4.1666665
1,68.110237,7.4331431
1,66.141731,7.5
1,70.866142,5.5999999
1,68.897636,11.538462
1,69.291336,9.9804878
1,68.110237,6.5595236
1,70.078743,10.222222
1,68.503937,8.4290915
1,74.015747,5.1020408
1,72.047241,5.1282053
1,68.110237,5.6410255
1,68.110237,4.7249999
1,68.503937,5.2894735
1,54.724411,9.2105265
1,69.685036,16.444445
1,69.685036,9.7222223
1,70.866142,7.6363635
1,72.440948,8.8887272
1,64.960632,6.2162161
1,72.440948,11.027027
1,67.322838,6.75
1,69.291336,5.5555553
1,74.409447,10.666667
1,69.291336,17.777779
1,70.866142,5.5555553
1,68.897636,8.333333
1,68.110237,5.2800002
1,69.685036,3.3333333
1,71.259842,4.8000002
1,72.440948,8.9285717
1,68.110237,2.6040001
1,68.897636,8.3783779
1,72.834648,5.2564101
1,70.866142,5.4545455
1,74.803146,8.5526314
1,73.622047,6.8172975
1,70.078743,7.5
1,72.440948,5.6756759
1,72.047241,6.0320001
1,68.897636,3.9189188
1,68.897636,7.6666665
1,70.078743,7.7777777
1,74.015747,3.625
1,72.047241,6.1351352
1,68.897636,6.3157897
1,70.866142,4.5
1,68.110237,7.8378377
1,67.322838,8.1500006
1,69.685036,8.9285717
1,73.622047,6.4102564
1,70.078743,7.3684211
1,69.291336,7.0454545
1,67.322838,7.5
1,71.653542,4.4444447
1,68.503937,5.8333335
1,66.929131,5.2740002
1,64.960632,5.7297297
1,71.653542,6.25
1,69.291336,4.5454545
1,71.259842,12.5
1,70.078743,6.0416665
1,69.291336,11.019428
1,68.110237,2.7368422
1,72.047241,10.105263
1,65.354332,3.625
1,66.929131,5.1351352
1,72.047241,7.1664
1,63.779526,2.9605262
1,72.047241,65.789474
1,68.897636,5.909091
1,68.503937,12
1,71.653542,5.6999998
1,67.716537,7.6190476
1,68.110237,6.818182
1,74.015747,7.6799998
1,68.897636,9.3999996
1,69.685036,5.7567568
1,68.503937,5.0769229
1,76.771652,10.285714
1,71.653542,10.534055
1,70.866142,83.545944
1,68.897636,6.0512819
1,67.716537,6.6206899
1,70.078743,4.7619047
1,69.291336,7.2105265
1,64.173225,4.1379309
1,72.047241,4.2666669
1,68.110237,8
1,71.653542,12.72
1,71.653542,3.5476191
1,71.259842,15.833333
1,71.259842,5.6410255
1,68.503937,8
1,68.110237,6.25
1,76.771652,8.5714283
1,72.834648,11.4
1,73.228348,12.972973
1,71.653542,6.8923073
1,70.078743,7
1,72.834648,4.6315789
1,69.685036,5.4605265
1,70.078743,5.8378377
1,68.503937,6
1,68.897636,8.8000002
1,67.716537,11.2
1,70.472443,8.75
1,72.834648,7.4594593
1,69.685036,17.142857
1,65.354332,4.6118917
1,67.322838,5.0302701
1,68.897636,5.8378377
1,68.503937,4.8947368
1,72.047241,7.1428571
1,74.015747,7.75
1,67.716537,9.6000004
1,70.078743,4.3200002
1,63.779526,3.3181818
1,69.291336,6.9476919
1,70.472443,6.5504999
1,72.440948,6.1403508
1,69.291336,8.4210529
1,67.716537,5.52
1,70.078743,10.105263
1,74.803146,7.1999998
1,68.503937,3.75
1,71.653542,14.222222
1,66.535431,3.627907
1,71.259842,7.6923075
1,68.110237,6.4989476
1,72.440948,11.282051
1,69.685036,4.375
1,66.141731,6.5
1,69.685036,13.043478
1,68.503937,5
1,67.322838,4.8888888
1,70.078743,6.2307692
1,73.228348,6.2857141
1,67.322838,6.6666665
1,70.078743,7.3548388
1,65.354332,7.5999999
1,69.291336,13.263158
1,72.440948,6.5789475
1,66.535431,5.1282053
1,68.897636,8.75
1,64.566933,4.4791665
1,63.385826,3.2820513
1,68.110237,6
1,68.897636,7.6595745
1,69.685036,4.2125001
1,67.716537,7.1698112
1,68.503937,5.185185
1,71.653542,16.450001
1,70.078743,4.6511626
1,70.078743,13.142858
1,68.897636,5.5138459
1,68.503937,4.1666665
1,68.503937,8.8421049
1,70.472443,11.5
1,71.653542,14.545455
1,70.866142,4.6153846
1,71.259842,3.9024391
1,70.866142,6
1,68.897636,3.974359
1,70.866142,15.111111
1,65.748032,5.108108
1,70.472443,11.055
1,64.173225,8.0432434
1,72.047241,11.2
1,71.259842,6.4000001
1,71.259842,10.833333
1,70.472443,4.6666665
1,71.653542,4.680851
1,69.291336,6.0750003
1,67.322838,4.6153846
1,70.078743,5.7726316
1,69.685036,7.6500001
1,71.259842,5
1,69.291336,5
1,72.047241,4.0475674
1,68.897636,6.3249998
1,68.110237,7.0833335
1,68.503937,5.1282053
1,32.283466,10.756757
1,71.653542,8.9473686
1,68.503937,7.4324327
1,69.291336,9.0810814
1,64.173225,.40000001
1,67.716537,6.6666665
1,72.047241,2.5799999
1,67.322838,9.2307692
1,72.834648,3.7948718
1,69.685036,4.6702704
1,66.141731,5.7142859
1,66.929131,6.8000002
1,64.566933,5.5555553
1,66.929131,3.7674417
1,65.748032,8.3999996
1,68.110237,4.1999998
1,74.409447,4
1,70.866142,1.3
1,72.440948,5.0749998
1,70.866142,9.6068001
1,65.354332,10.526316
1,67.716537,5
1,64.960632,5.8974357
1,70.866142,4.5
1,64.566933,9.166667
1,67.716537,4.8000002
1,65.748032,76.199997
1,74.803146,3
1,65.748032,5.1282053
1,69.685036,8
1,65.354332,6.2459998
1,62.992126,3.8636363
1,69.291336,8.7219515
1,70.866142,7.5
1,65.354332,8.8815794
1,67.322838,9
1,67.322838,10.285714
1,70.078743,4.2857141
1,69.291336,8
1,29.527559,4.8000002
1,70.078743,7.870769
1,68.110237,5.9076924
1,68.503937,9.8378382
1,34.251968,10.5
1,68.110237,8.181818
1,72.047241,6
1,64.960632,5.4545455
1,70.078743,5.5111113
1,70.078743,5
1,71.259842,6.6666665
1,71.653542,4.0238094
1,68.110237,9.4736843
1,67.716537,8.9473686
1,66.535431,3
1,67.322838,5.3846154
1,70.078743,10
1,66.929131,3.2820513
1,66.929131,8.2105265
1,72.047241,8.4499998
1,71.259842,5.9459457
1,67.716537,8
1,66.141731,3.6585367
1,69.685036,11.5
1,69.291336,5.1428571
1,67.716537,7.1153846
1,72.440948,12.162162
1,67.716537,10.571428
1,71.653542,5.2619047
1,69.291336,3.234375
1,70.078743,2.7636364
1,68.503937,2.5999999
1,70.866142,6.5476189
1,70.866142,10.285714
1,71.259842,7
1,73.228348,10.910285
1,68.110237,5.375
1,67.716537,5.0512819
1,70.078743,10.378378
1,67.716537,4.9484534
1,33.070866,7.7777777
1,69.291336,6
1,70.866142,3.8
1,66.929131,13.513514
1,69.685036,6.5789475
1,67.322838,6.5263157
1,77.165352,82.909088
1,71.653542,6.1666665
1,63.779526,5
1,71.259842,3.6720002
1,65.748032,5.5
1,66.535431,8
1,71.653542,9.375
1,68.897636,5.9459457
1,66.141731,13.44
1,77.559052,5.4000001
1,66.141731,5.1282053
1,76.377953,7.7142859
1,68.110237,8.1081085
1,70.866142,9.5555553
1,70.866142,7.5555553
1,70.866142,4.909091
1,69.291336,10.952381
1,73.228348,9.6000004
1,69.291336,7.1794872
1,71.653542,15.148718
1,72.047241,11.108571
1,67.322838,13
1,69.291336,10.810811
1,69.685036,4
1,72.834648,8.1081085
1,66.929131,6.1714287
1,68.110237,4.7105265
1,69.291336,11
1,70.078743,7.1999998
1,69.291336,12.266666
1,68.897636,4.3783784
1,68.897636,11.2
1,69.291336,3.8461537
1,69.685036,8.7567568
1,72.047241,10.2
1,66.141731,8.4324322
1,70.472443,5.7249999
1,62.992126,5.3589745
1,68.110237,7.2275004
1,67.322838,2.6666667
1,70.078743,4.2553191
1,71.259842,7.1052632
1,65.354332,2.6666667
1,66.535431,6.1999998
1,70.866142,2.7777777
1,72.440948,4.0833335
1,66.535431,5.625
1,64.173225,7.2839999
1,70.472443,6.0526314
1,70.866142,5.6999998
1,72.047241,4.8937502
1,69.291336,3.2857144
1,68.897636,4.1025643
1,70.078743,4.2368422
1,68.897636,7.1794872
1,73.228348,6.2857141
1,67.716537,8.2857141
1,72.440948,9.0925713
1,72.834648,9.5238094
1,65.748032,8.4324322
1,66.535431,7.7083335
1,69.685036,9.2857141
1,70.078743,27.5
1,67.716537,5.6410255
1,68.503937,6.2307692
1,70.472443,8.6399994
1,65.748032,7.2631578
1,74.803146,11.135715
1,65.354332,6.2399998
1,68.110237,6.8442855
1,71.653542,10.227273
1,70.866142,14.166667
1,71.259842,8.7959995
1,67.322838,5.1538463
1,72.047241,4.75
1,68.897636,7.5
1,64.566933,7.7837839
1,72.834648,74.400002
1,72.047241,6.336
1,73.228348,8
1,70.866142,8.1578951
1,68.897636,11.707317
1,75.984253,12.888889
1,68.110237,571.59998
1,67.322838,9.7368422
1,66.535431,5.189189
1,72.047241,9.333333
1,67.716537,9.9921951
1,67.716537,6.4102564
1,74.409447,6.5
1,71.653542,6.1224489
1,74.015747,8
1,68.897636,10.157895
1,75.984253,9.6000004
1,67.322838,9.189189
1,66.929131,10.666667
1,70.866142,5.4166665
1,73.622047,5.4166665
1,71.259842,11.52
1,72.047241,2.7
1,72.834648,11.555555
1,71.259842,12.4
1,64.566933,3.3
1,72.834648,8.0952377
1,72.440948,11.5
1,64.960632,4.1119046
1,74.015747,3.3333333
1,70.866142,5.2222223
1,69.291336,60
1,72.440948,4.3333335
1,68.897636,3.9852631
1,68.897636,12
1,68.897636,6.7272725
1,70.078743,5.8378377
1,66.929131,5.8974357
1,70.866142,7.4000001
1,65.748032,4.4444447
1,66.929131,7.9487181
1,70.866142,5.6410255
1,70.078743,5.0926318
1,72.047241,7.5
1,67.716537,6.5
1,66.929131,12.571428
1,70.472443,3.6666667
1,70.472443,5.7142859
1,64.566933,3.0128205
1,70.078743,7.6086955
1,64.566933,7.6315789
1,70.866142,10.461538
1,68.897636,11
1,72.047241,13.896001
1,67.716537,4.4000001
1,72.047241,9.7777777
1,74.803146,5.8510637
1,69.685036,6.2600002
1,68.897636,6.4102564
1,70.078743,11.5
1,64.173225,6.4210525
1,70.078743,8.3999996
1,68.503937,5.185185
1,72.047241,5.6410255
1,70.472443,12.972973
1,68.503937,9.3023252
1,32.677166,6.6666665
1,70.866142,5.3684211
1,67.716537,8.2051287
1,67.322838,10.736842
1,70.866142,8.75
1,71.653542,10.666667
1,72.834648,11
1,70.078743,4.7142859
1,73.228348,11.627907
1,64.960632,9.189189
1,66.929131,7.1999998
1,69.291336,3.9000001
1,72.834648,13.818182
1,65.748032,4.625
1,64.960632,3.5999999
1,64.173225,5
1,69.685036,3.5294118
1,69.685036,12
1,70.866142,7.6923075
1,71.653542,12.820513
1,69.685036,4.7826085
1,69.291336,6.0416665
1,67.322838,8.1025639
1,74.015747,5.9523811
1,68.110237,6
1,70.472443,4.4642859
1,68.110237,10.666667
1,70.078743,6
1,62.992126,3.2142856
1,74.015747,5.0980392
1,68.897636,10.511364
1,68.897636,8.125
1,68.110237,3.3823528
1,66.535431,5.8139534
1,70.078743,4.25
1,64.960632,6.1333332
1,64.173225,3.4000001
1,71.259842,4.75
1,70.078743,5.4242425
1,76.771652,6.5789475
1,68.503937,9.7435894
1,67.716537,6.2222223
1,67.716537,5.3333335
1,68.110237,8.5
1,72.047241,10.869565
1,69.685036,3.5384614
1,73.622047,7.0799999
1,74.015747,4.2249999
1,69.685036,8.4736843
1,66.535431,6.2857141
1,71.653542,81.25
1,71.259842,164.57143
1,68.110237,8.2051287
1,68.503937,6.5
1,69.291336,10
1,70.472443,8.7142859
1,67.716537,8.8392859
1,67.716537,5.2631578
1,70.866142,5.3846154
1,70.472443,6.5555553
1,67.322838,11.707317
1,69.685036,8.8571424
1,70.078743,11.333333
1,69.685036,7.75
1,72.440948,12.631579
1,66.141731,6.48
1,72.440948,5.75
1,69.685036,17.872341
1,72.047241,9
1,70.866142,4.5384617
1,74.015747,5.2234287
1,68.110237,6.375
1,68.110237,9
1,68.110237,6.025641
1,69.291336,14.8
1,68.503937,6.7105265
1,69.291336,6.2399998
1,68.897636,5.5555553
1,69.685036,9.4736843
1,67.716537,26.666666
1,67.716537,5.090909
1,68.897636,4.0512819
1,67.716537,8.9473686
1,69.685036,6.25
1,74.409447,12
1,71.259842,7.810811
1,70.078743,18
1,65.354332,2.3214285
1,69.291336,14.4
1,69.685036,8.1081085
1,70.078743,7.1089745
1,70.866142,12.972973
1,72.834648,5.8974357
1,63.385826,6.181818
1,69.685036,10.526316
1,68.110237,15.2
1,68.897636,3.9285715
1,71.259842,5.5999999
1,67.716537,7.2727275
1,64.173225,6.0999999
1,68.110237,7.1999998
1,71.259842,9.4736843
1,72.047241,3.9534883
1,67.322838,8.8800001
1,70.866142,22.736841
1,70.078743,8.75
1,72.047241,12.8
1,68.110237,6.8571429
1,67.322838,7.4499998
1,69.291336,12.5
1,67.716537,6.9473686
1,69.291336,7.0212765
1,69.291336,6.5789475
1,69.291336,5.2363634
1,66.929131,8.780488
1,69.685036,6.0700002
1,69.291336,9.4399996
1,70.866142,3.939394
1,69.291336,5.4584618
1,67.716537,10.355556
1,70.866142,5.0769229
1,72.047241,4.4444447
1,75.196854,3.9986665
1,66.141731,12.432432
1,65.748032,6
1,65.354332,4.7843137
1,66.929131,6.5454545
1,67.716537,7.4666667
1,70.866142,10.105263
1,68.897636,15.25
1,68.110237,5.5
1,72.440948,6.9230771
1,66.141731,3.8888888
1,68.897636,5.0769229
1,65.354332,10.810811
1,68.897636,5.3333335
1,69.291336,8
1,73.622047,8.1578951
1,66.929131,8.5714283
1,71.259842,11.666667
1,71.653542,6.1538463
1,71.653542,12.432432
1,72.834648,4.7619047
1,69.685036,8.8000002
1,70.472443,7.2585368
1,70.866142,17
1,72.047241,6.8292685
1,70.472443,8.5013332
1,68.897636,4.5
1,68.110237,19.200001
1,66.929131,5.4000001
1,65.748032,3.7659574
1,67.716537,7
1,66.141731,3.125
1,72.047241,160
1,69.685036,10.774667
1,74.803146,5.8000002
1,64.566933,18
1,69.291336,5.1904764
1,65.748032,4.3243241
1,73.228348,11.4
1,70.866142,12
1,68.110237,7.1351352
1,68.503937,5.6410255
1,74.015747,9.090909
1,70.472443,4.75
1,70.866142,12.8
1,75.984253,6.1714287
1,73.622047,4.5250001
1,68.503937,4.189189
1,70.866142,9
1,70.472443,4.2619047
1,69.291336,6.3829789
1,68.897636,33.333332
1,68.110237,18.222221
1,74.015747,9.1739998
1,69.291336,6.4102564
1,69.291336,7.1428571
1,68.897636,17.142857
1,71.259842,10.571428
1,69.291336,8.5
1,66.535431,7.8000002
1,64.566933,16.799999
1,71.653542,3.2727273
1,67.322838,9.7297297
1,71.259842,7
1,72.047241,5.5135136
1,68.503937,5.4545455
1,69.291336,6.4864864
1,70.078743,16
1,65.748032,5.9375
1,67.716537,90.909088
1,72.440948,8
1,64.566933,5.5384617
1,65.748032,3.8472223
1,68.110237,7.6666665
1,71.653542,5.8909092
1,71.653542,10
1,67.322838,128
1,66.929131,8.7837839
1,70.866142,9.4444447
1,72.047241,3.3333333
1,67.322838,6
1,68.897636,4.7619047
1,70.472443,9.4736843
1,61.023621,5.7142859
1,69.291336,9.778182
1,68.110237,11.368421
1,69.291336,5.4545455
1,67.716537,7.2972975
1,72.834648,11
1,65.748032,5.4473686
1,70.472443,8.75
1,69.291336,6.25
1,70.078743,5.8139534
1,66.929131,6.4499998
1,66.535431,6.1750002
1,68.897636,8
1,72.834648,6.25
1,68.503937,12
1,66.141731,9.1000004
1,73.622047,7.7777777
1,69.685036,10
1,66.141731,8.8571424
1,70.472443,14.666667
1,72.047241,9.4594593
1,71.259842,5.3846154
1,71.653542,3.1199999
1,70.866142,5.7081079
1,70.472443,5.7692308
1,69.291336,3.2727273
1,72.047241,8.1673851
1,67.322838,8
1,70.078743,5.5
1,64.960632,5
1,66.141731,5.6571426
1,69.685036,8.1081085
1,69.685036,10
1,66.535431,4.7368422
1,69.685036,5.1282053
1,69.685036,7.25
1,66.141731,8.5
1,67.716537,7.5
1,67.716537,7.5
1,72.047241,8.666667
1,66.535431,2.24
1,68.110237,8.8000002
1,68.897636,4.4210525
1,70.472443,4.8717947
1,64.173225,5.8809524
1,70.078743,7
1,66.929131,11.333333
1,68.503937,10.133333
1,68.503937,5.0444446
1,69.685036,97.297295
1,66.929131,8.1081085
1,71.653542,5.9259257
1,64.960632,5.1111112
1,27.165354,12
1,68.897636,12.162162
1,68.897636,9.0566034
1,69.291336,5
1,70.866142,5.7291665
1,69.291336,7.2972975
1,70.472443,18.222221
1,70.866142,5.0505052
1,68.503937,10.666667
1,72.047241,6
1,72.834648,6.4285712
1,67.322838,6.3157897
1,68.503937,5.5
1,70.472443,7.0270271
1,68.897636,4.5833335
1,69.291336,13.621622
